time,fx,fy,fz,tx,ty,tz
1754940287.5360036,2.503189495961511e-11,0.9799999999999998,-4.01171457165006e-12,0.0735000000000004,-1.8773913562533593e-12,5.3967247337638455e-17
1754940287.54117,2.5031216682736002e-11,0.9800000000000002,-4.011627835476261e-12,0.07350000000000043,-1.8773346457034748e-12,5.331672603414718e-17
1754940287.5465107,2.4996426803425287e-11,0.9799999999999992,-4.052931601439269e-12,0.0735000000000004,-1.8747392622141882e-12,5.461776864112973e-17
1754940287.5513546,2.495100480393031e-11,0.9800000000000005,-4.104161455131816e-12,0.07350000000000044,-1.8713288941162397e-12,5.44009282066327e-17
1754940287.5561047,56.26524607618862,0.980000000492379,-6.804532462286161,0.0735000000449759,-4.970096736715521,-6.751199252419132e-13
1754940287.561297,55.84276400839219,0.9800000012716574,-34.19062882147034,0.07350000011389402,-4.932777487396282,4.914761930763304e-12
1754940287.5663657,55.416446372063795,0.9800000007539555,-82.114651549932,0.07350000007455959,-4.895119429029995,2.339254373540105e-11
1754940287.5714197,54.99886043766755,0.9799999961430554,-150.0967783698304,0.07349999968763665,-4.858232671789664,-1.8033641246974963e-12
1754940287.5763557,54.5502685995101,2.194672065367694,-236.89293536574888,0.17095030862512683,-4.825295974231063,0.004123119969394306
1754940287.5817368,54.19948441144811,2.7107295365483353,-334.4894772682382,0.2113489342833258,-4.7908116117395885,0.13256833153679853
1754940287.5863774,55.041858057009215,-21.759693914898456,-446.3377835321522,-1.6738386578983548,-4.751054234198734,0.034856152243742625
1754940287.5914166,54.133492692815736,-1.9298156590978977,-523.1755949953431,-0.1634632815568024,-4.74307465775494,0.23142458980015093
1754940287.5965438,57.869723240752705,14.994835747817937,-621.3724684602612,1.1405090962845699,-4.700152376491662,-0.14069792682626542
1754940287.6016095,64.67160357824912,7.683826958925842,-669.3248097380122,0.837612862251137,-4.697090932608223,-0.35090717006524996
1754940287.6065335,55.620386772670415,-30.723896173930925,-792.1413821741955,-2.3697347876561263,-4.665634672846876,-0.029146387889679645
1754940287.611954,53.677990275300196,-0.8414645547052544,-844.4856510640707,-0.09443697867072967,-4.673079691005164,0.33499555391264324
1754940287.6166718,57.163216856072786,23.27731099121433,-920.2687570016936,1.889657588326212,-4.630671030449436,-0.07709040012061333
1754940287.6217375,53.144641421818086,-29.196533080566525,-1026.2575384260745,-2.4136389863696435,-4.637429821138193,0.30408612106283983
1754940287.6265152,64.1529953751489,-20.55511284764975,-1098.0987662094162,-1.7231011712500934,-4.618793499004388,-0.29863821503654353
1754940287.6318648,63.7685984864492,-10.043560927199096,-1153.5018470485288,-0.8961315363301923,-4.591214147451851,-0.391819194960244
1754940287.6365883,52.708735254659494,-14.750111667431895,-1174.591240846557,-1.1735883326835803,-4.616205399473053,0.42364984227917346
1754940287.641839,53.62231270058731,-15.189766423738053,-1250.841970907283,-1.1500290223651244,-4.582835762772817,0.20982725721439893
1754940287.6466882,62.95244913516245,-22.037944802231152,-1341.6207729098173,-1.8944255463599236,-4.563107178422222,-0.32895044997325507
1754940287.6520994,52.64109858241485,-21.52051785289447,-1346.1126850460168,-1.7049035847427563,-4.590149334568923,0.45387437613412096
1754940287.6566706,52.57508286144886,-18.2636479963871,-1429.7035580373417,-1.5568973983031413,-4.5620078585309995,0.3046069746085168
1754940287.6619644,62.16778964746286,-5.990678734134235,-1452.7036257313725,-0.4815493206961259,-4.535336631666484,-0.3314000067186239
1754940287.6667633,51.75452687535144,-52.11773073041044,-1521.9575251109293,-4.226194454061369,-4.559479645857936,0.4016217560048347
1754940287.6717367,73.99200779646613,0.053337969309082744,-1525.567018294299,0.21169653310803738,-4.553710835849513,-0.9304777676047632
1754940287.677255,55.127448302213104,8.10424348993834,-1560.2692965695599,0.7729991876349658,-4.521502442380944,0.09556848780984484
1754940287.6826098,65.90659204631687,-90.02794336207705,-1666.713929836935,-7.005744501637462,-4.512028200515458,-0.54201661638334
1754940287.6868973,52.15758119654419,-33.18432895377654,-1680.2106309149058,-2.762827841820685,-4.535846883739253,0.4138685114869609
1754940287.6922572,64.44067344672757,-18.493543392596166,-1593.2220466026445,-1.1688569514128604,-4.5440562128931985,-0.36134768740819345
1754940287.6972744,-3.627790611997824,-11.176334760433177,-1663.6774540224608,-0.886287449721364,0.5023324868534178,0.25645137116300687
1754940287.7028227,66.25483311675823,1.2347284825181646,-1670.6716361544977,0.01879654307195066,-4.5003867058244325,-0.5895360613310241
1754940287.7073736,51.151710057177375,-60.40352446564512,-1710.9644849235192,-4.903791902496172,-4.531928301370853,0.39532630275642916
1754940287.712543,60.97793006915486,13.61324236166493,-1611.7343288704867,1.2242568086260999,-4.547346664295446,-0.1521404604262454
1754940287.7174046,52.45713409654221,-46.016451551250256,-1641.5187750945827,-3.6137939819493274,-4.524204318366584,0.34453973165418694
1754940287.7225235,64.38800760925271,-50.275938636669466,-1640.0800019996773,-3.691520371956895,-4.507780903731851,-0.4706507927987934
1754940287.727259,53.55571307483248,-52.190439623011116,-1676.2914641616653,-4.290598860224781,-4.5277751057984075,0.2932993386146682
1754940287.7328274,61.412450916825286,-17.93757195237953,-1630.3949557641283,-1.1443896355382401,-4.544416078778227,-0.16434065389069363
1754940287.7379098,62.016072429697424,-19.90098441324981,-1660.0805170601332,-1.6931042260304623,-4.524159270482999,-0.19787941728606306
1754940287.7426648,61.68378987248836,41.49420110698115,-1638.3250619320795,3.3606788585898455,-4.501416148619302,-0.36089295413081224
1754940287.7476509,58.1894432741191,-78.22202562234716,-1763.0960470156629,-6.3193318891266905,-4.515085465764239,-0.014795328042018344
1754940287.7529175,51.629416103206516,-8.695984072665567,-1675.952168761661,-0.7823657418288319,-4.5430083152106455,0.5007597595746776
1754940287.757543,63.38995039836285,-53.153422693429405,-1677.331717870965,-4.132362080673516,-4.530932933497752,-0.2903909045212735
1754940287.7627113,3.0086219298599204,-25.678130112782014,-1640.2579516743924,-1.5699493910407982,0.5100973690895074,-0.24264550644583804
1754940287.76801,64.21900585634653,-30.18526741964544,-1732.0264430110565,-2.60502584034436,-4.502348663843014,-0.3727235244130057
1754940287.7729182,52.18616275759539,-40.177198785711795,-1675.886455287461,-3.23998219907563,-4.543660694449501,0.45196499271334745
1754940287.77761,73.1427968464804,1.066881205235179,-1615.9693845923625,0.25063757704377443,-4.5403377442316835,-0.883366186023153
1754940287.7828727,54.58202057319795,-2.2411200997263165,-1649.0737081508169,-0.05892076838631788,-4.510073520746058,0.11858873437866835
1754940287.7875745,53.03707256735622,-70.4473597223188,-1727.5951479231478,-5.448862928101473,-3.5129738547026763,-0.4443905875677391
1754940287.792757,51.10994108458434,-42.928732410601924,-1705.2908592659803,-3.5654644143962537,-4.530035056894029,0.41078375656406607
1754940287.7976503,62.32043288198801,-13.156744199340665,-1609.4040164707287,-0.7817069229882638,-4.547463213339768,-0.2027931491292651
1754940287.8029773,52.36268108638692,-12.220467006431564,-1633.6970662238855,-1.0672426572715166,-4.520979490944555,0.3387544073358303
1754940287.8076193,64.06572059510674,-0.3816679190900345,-1652.3785352964514,-0.030189987117662465,-4.501516539032554,-0.44563257109892884
1754940287.8127642,51.19670445492202,-64.40101211990495,-1737.702527116688,-5.23753723226892,-4.527197789988593,0.35367976408234875
1754940287.8177986,59.98044202410361,9.548004539499033,-1622.3642686550766,0.9145153305913272,-4.522620182256933,-0.12278750803989905
1754940287.8226345,52.25126269875006,-51.781735250440605,-1661.7693650991062,-4.081497568784021,-4.5263766049159555,0.324684272745962
1754940287.8277056,64.44481492241998,-36.09226418332456,-1568.3819241652484,-2.4327789383638994,-4.508803593363114,-0.44436017848414333
1754940287.8331242,54.130542073795375,-59.874055830158255,-1694.627229659353,-4.903773090484021,-4.520718587262035,0.23304639014427853
1754940287.8378122,53.33865283489772,-25.934755593536067,-1667.848900976868,-2.068245419683241,-4.550433753993701,0.5149658668328517
1754940287.84332,64.36361653843973,-19.468852725421126,-1651.6721733098852,-1.6233682989897473,-4.51411556417521,-0.3543368177862055
1754940287.8479192,60.7252339431217,48.55314872963962,-1623.0234272292482,3.9744903477708657,-4.504173836437226,-0.27808601041410763
1754940287.853152,60.6874751584022,-83.94381497388963,-1730.3891947737588,-6.716540143946819,-4.500966430665176,-0.18819474639322442
1754940287.8581917,51.85661388057222,-13.900804833666797,-1644.1630484276757,-1.2048044900276809,-4.546506065723375,0.4821279912118024
1754940287.863171,63.13158958392013,-53.73524554485098,-1693.3876636436362,-4.164451846880597,-4.532509575521116,-0.2890302452658421
1754940287.8680556,57.10527741170495,-17.845780921389547,-1607.6685757643759,-1.0999668710766186,-4.517786479093099,-0.04929593509306472
1754940287.8733525,65.31159438062888,-19.28711561623615,-1712.2812119782639,-1.7065808777767244,-4.503112276149305,-0.4502798605827423
1754940287.87829,33.91053075602538,-49.74401557472987,-1734.7323794486588,-4.027004803358942,-2.9582015015395453,0.45223554518541
1754940287.8839612,65.01371363014451,12.48100403699393,-1628.3158691953377,1.1326829758700052,-4.545080633521194,-0.3667893187893071
1754940287.8888674,53.096148158309056,-28.085401406977198,-1688.5528282117268,-2.151841666777372,-4.51240956037187,0.2743140273486764
1754940287.8937373,55.65197600291913,-60.27334446788163,-1717.0626029733612,-4.560631937113065,-3.729688662748236,-0.47305638740196176
1754940287.8982434,50.7346380898425,-50.169454418048474,-1727.1522970660128,-4.154983739034419,-4.523613345227797,0.3638745733275473
1754940287.9033625,61.19363130644089,-13.199655386321268,-1633.463460955472,-0.7658716681147788,-4.547673818901039,-0.1769301931226986
1754940287.9083061,51.97723345789766,-17.922087777197685,-1661.1273406864132,-1.5362350135221572,-4.509242852654878,0.3483736613995844
1754940287.9137745,63.789258521690805,29.860215206308595,-1641.9025857357528,2.4625179507951094,-4.500094250727647,-0.46662665194885766
1754940287.918304,56.965590110964555,-69.2406632888158,-1747.2333962008638,-5.609083411074641,-4.505996975071896,0.042734659661811766
1754940287.9235275,52.98869789279566,-11.458558061524883,-1669.8686204332178,-1.001563825679408,-4.546062325094215,0.512902747823582
1754940287.9285133,64.02461273953573,-52.02219776010011,-1665.9502138148841,-4.053459804799905,-4.533567694941812,-0.3258981070244219
1754940287.9336557,58.67663543862372,-33.675699367037026,-1638.5683892527127,-2.158909264426935,-4.356668007231683,-0.29635092278480546
1754940287.9385946,63.536836503173646,-34.93205937791245,-1767.2492728240848,-2.9985524541566173,-4.500073851548566,-0.3255200838432848
1754940287.9434526,51.92889462668497,-39.65068735152096,-1696.5015340456816,-3.1933043949884237,-4.522585723510003,0.4648495552763977
1754940287.9484622,74.46157810868229,-4.922311895640549,-1650.1843615372568,-0.23601342374243045,-4.538869022672028,-0.9018507589769084
1754940287.953663,54.14526103143807,-8.494328756195259,-1571.3327719380002,-0.5778623859404652,-4.5156927729156005,0.16816362289506204
1754940287.958674,65.62605276009545,-80.44328976166148,-1650.8471698146086,-6.2314203241403945,-4.521757156419854,-0.4949857866932912
1754940287.9637244,51.585003464069736,-33.45581446742287,-1629.0468372151859,-2.7916110914594645,-4.535109268370513,0.44187898688389243
1754940287.9685314,74.49983361652087,-31.06949460996823,-1577.7827450741838,-2.1644392416479405,-4.539454699398517,-0.9251463116485437
1754940287.9739654,54.76430032573225,-13.706150514090453,-1595.884465456281,-0.8846232408908647,-4.505484283707499,0.12333813184081524
1754940287.9789562,10.605124528239088,-10.154439482040658,-1674.6331357775005,-0.9551158425557107,0.5049990921273977,-0.5906604938643394
1754940287.9840112,52.197807732740074,-43.62534413626574,-1652.0123376125737,-3.533686264655463,-4.530883975313943,0.4206594532468249
1754940287.9890008,72.95578249872324,0.8297608889298038,-1588.1126850673038,0.2667581228794794,-4.5472273216783154,-0.8717819096507403
1754940287.9940803,53.85447093214475,-12.10911420348937,-1576.811839253403,-0.867837949376348,-4.515853209628606,0.184952811980996
1754940287.9990396,64.8898295779884,-73.8544761079076,-1648.945537033338,-5.7088733116401364,-4.5235663251851905,-0.46477736709519857
1754940288.004347,52.162851364833266,-36.088516247351805,-1638.9367009020814,-2.9997699131475297,-4.53109031398343,0.4115601617797192
1754940288.0091577,72.69955445805822,-31.077124060401346,-1563.9573822085597,-2.101189946917975,-4.5537097224593275,-0.8766944548347415
1754940288.0146127,53.587758431342735,-11.967547877213592,-1565.8999975641389,-0.8876909992010331,-4.523697719012853,0.20889970382114387
1754940288.019357,10.511931005796722,-3.5898266652967266,-1634.2003775121484,-0.3986937295458153,0.500495535519795,-0.5890834647424597
1754940288.0244591,51.7587510585348,-48.92917944561452,-1617.972927443855,-3.9625530643081035,-4.537603170565755,0.436689240549506
1754940288.0293307,73.89147530371379,-1.59386687455814,-1617.6019232313492,0.07091428067966737,-4.5437737116822445,-0.9095141280733461
1754940288.0345595,53.934346740568095,-9.57278459161219,-1598.5629979467044,-0.6588703541259775,-4.512505755441805,0.18767320231989637
1754940288.0395734,64.50864428431326,-74.80534683074379,-1676.6321924916829,-5.797111994110397,-4.519163629884369,-0.46546218820627516
1754940288.0450256,51.22852417305368,-38.41065935361652,-1657.9693763684734,-3.1957153603726214,-4.526290973428704,0.4172283462948394
1754940288.0494497,63.35618650084035,-12.41939020108859,-1568.3245719982992,-0.7345152670422339,-4.560995463504042,-0.24299017135136003
1754940288.0551376,52.72900116183386,-9.943449481856023,-1595.0524366686352,-0.8389663629287811,-4.522134476631683,0.2991817377419318
1754940288.059835,9.445223512227674,-0.8380406590455607,-1652.5542317624643,-0.15764580872969386,0.5058722099221702,-0.5889728163590122
1754940288.0648987,51.54229316403875,-54.29971612515513,-1640.7700357353197,-4.403479075383114,-4.5424846299670625,0.41363201302851194
1754940288.069685,62.06336835079048,16.379557549872736,-1553.986910657983,1.424634557553845,-4.531574308512065,-0.20727758449200828
1754940288.0748556,53.36851558336438,-19.365696132846153,-1618.3668507272375,-1.4504861222553376,-4.512832428276325,0.24549930731530328
1754940288.0798175,63.278332585905005,-64.32373469756698,-1683.4278401150953,-4.972932298403004,-4.5163582262368145,-0.4095513703732525
1754940288.084867,51.02675719172294,-43.853547940815645,-1686.1412164108508,-3.640186918522227,-4.531706882362223,0.3938151746732372
1754940288.0899653,61.473092838299756,-13.864894576058845,-1646.4205311013175,-0.8348618599136488,-4.531200194225467,-0.16781644189429634
1754940288.0951304,52.0902498823212,-15.08360365346635,-1671.9279193359064,-1.302643166799389,-4.5058019475679485,0.33422863156081883
1754940288.0998557,7.762454857184565,23.983319850712007,-1669.0522552398609,1.9473211526404963,0.5013579471761422,-0.47017726635660995
1754940288.1054564,50.17581660275008,-61.295368301864755,-1720.3860654564762,-5.011133447923745,-4.131847712780396,0.19324147235376496
1754940288.1100173,50.82066911889318,6.322610882536935,-1609.8008814357495,0.43896668709347175,-4.553415212811585,0.5316208368329579
1754940288.1149838,64.52162028720983,-52.491382599114345,-1693.3393082677585,-4.121355208872011,-4.5310387562055325,-0.3180470430041005
1754940288.1202285,62.639836087191796,-31.900638058652063,-1590.196445041065,-2.0559812439694802,-4.5196021368129315,-0.35292094223667436
1754940288.1254835,59.719024242612576,-47.535935621185985,-1730.8427790031283,-4.00170876487282,-4.511819380833899,-0.0792523550785493
1754940288.1302068,49.653089561954246,-33.63585682801974,-1689.1718925403636,-2.649150945789459,-4.541371214338001,0.5305457983008771
1754940288.1355796,63.48074001397003,-20.412324505742955,-1683.5302375332049,-1.6623439454342546,-4.522925683617129,-0.33022867254940125
1754940288.1403265,57.15440850377164,26.353575773648174,-1617.784599488598,2.234229686636529,-4.513014178601614,-0.07086695786069228
1754940288.1453261,9.387397491690741,-92.02514011994407,-1729.2214576225967,-7.191354681275902,0.5010655122974453,-0.5071141431028362
1754940288.150338,51.99146966174156,-28.931385521269732,-1674.9277833651158,-2.4218267859383467,-4.538296502539934,0.43876754084935454
1754940288.1555555,72.73723630708463,-33.794359114491016,-1617.2155909849891,-2.3319577225666963,-4.524683905043927,-0.8774857724109898
1754940288.160284,-2.9882534835077514,-11.885580091525103,-1659.7688505466836,-0.8718430210249148,0.5011621906829868,0.20324644881069853
1754940288.165451,66.75488593896885,0.23586734856456815,-1676.2227570141417,-0.08889010284286225,-4.503366833817924,-0.6017206333259124
1754940288.1704698,46.26341628330911,-56.97182077268806,-1704.8562066060786,-4.621960297171622,-4.084956632193094,0.4126582285013294
1754940288.1761038,61.599492759660684,14.979360958436494,-1607.6968335633683,1.326440472062155,-4.548297604529685,-0.1799637407003321
1754940288.1804564,49.28609079964715,-44.27872112854391,-1686.4445926028127,-3.4686492957978814,-4.23529320904818,0.3472716773258173
1754940288.1855853,64.80113658334176,-52.610676845574574,-1676.3007387282246,-3.87719948769848,-4.511141617455473,-0.4849620387198117
1754940288.1906457,53.47486866233444,-54.73634989747458,-1709.6020014749752,-4.499670394462303,-4.523185927668626,0.295892512569076
1754940288.1957254,59.60699275804177,-18.254048387140898,-1652.9951841096354,-1.173142702300443,-4.540515605168147,-0.09260998696565373
1754940288.200367,64.26759417564132,-19.68659047755176,-1678.285484164545,-1.662600843167998,-4.519332573764363,-0.3176570729255649
1754940288.2059674,61.797701699935715,51.78880655419839,-1645.1608281990461,4.21295809788924,-4.502583788467998,-0.3532800133088003
1754940288.2106912,60.262260921917814,-84.5353841075383,-1764.8881726126874,-6.77458185630069,-4.505459239665228,-0.14064936199789285
1754940288.215655,51.39103326858287,-14.80741014429023,-1677.5323968480322,-1.2772726842764235,-4.5418918046103025,0.48932027202133654
1754940288.2205405,63.41565085959644,-52.64330775173286,-1668.0407581014683,-4.075186750269223,-4.519724383774889,-0.31318760348570995
1754940288.2258472,0.8991703343208535,-17.334027400928967,-1643.8165288868124,-1.0288009381012424,0.5080988978204223,-0.0872688897407928
1754940288.230763,65.47004437952494,-22.323773314511953,-1722.0550374359414,-1.9697591770252485,-4.502349206053062,-0.4581414608270554
1754940288.2358851,40.99816521355389,-43.547262607555155,-1733.0916117264774,-3.52949031584558,-3.5591809987747993,0.43313308095775666
1754940288.2408757,64.65605017165026,10.470888938602855,-1637.0939289893456,0.9649625250523444,-4.5435056704025305,-0.3115729368909168
1754940288.246597,44.3445455941463,-36.48325843585904,-1704.8952696881518,-2.83480429197653,-3.7649776861290274,0.2789109108733343
1754940288.2511716,59.426841699077244,-52.14964152862453,-1711.4775936150895,-3.8658490619038215,-4.0369461321090405,-0.4551321675029003
1754940288.25662,50.81539421714485,-52.86773844398408,-1723.4028955387566,-4.374101129887977,-4.522846163074895,0.35446510496287376
1754940288.2611587,60.626515703172636,-13.096546644100755,-1622.8367412818986,-0.7674481669665636,-4.54440570289275,-0.14137024107269153
1754940288.2664583,52.067976258395284,-19.22656136613477,-1660.1271009310362,-1.6418767839313704,-4.520161634472364,0.3450557223802184
1754940288.2712,63.800443176877586,35.74840106865716,-1634.6515853695362,2.949602256971543,-4.502712601100922,-0.4605085288436246
1754940288.2764015,57.923359284476085,-72.58193412383736,-1750.0645462301,-5.856578730882983,-4.508615094954857,-0.008422385024664556
1754940288.2815526,52.896845520302946,-13.885232903701194,-1670.437692580233,-1.198637651179383,-4.544501390147765,0.5065460329959612
1754940288.2864766,64.23938461013194,-51.503187568639405,-1666.6892752055178,-4.000312753512924,-4.516982924289011,-0.35719680226862016
1754940288.2914085,2.3922754534261905,-28.611821268730083,-1643.3210614170307,-1.805016190439098,0.5094704293182705,-0.21113245889629934
1754940288.2969103,63.716883057187715,-32.46623066613844,-1713.813759426695,-2.7996217614759047,-4.507557281124541,-0.3389424843475455
1754940288.301538,49.985558753818914,-42.76440838356913,-1691.071035231141,-3.4165945727826257,-4.5391192491816295,0.4971652623455002
1754940288.306787,74.27881189506664,-4.451481227212604,-1652.5400321167504,-0.19749206303158062,-4.524830187717123,-0.9100020639970123
1754940288.3114336,54.14344331997239,-8.538781258045844,-1576.2934811465723,-0.5821227629804435,-4.518319915609764,0.17165352821754437
1754940288.3167806,64.86131198307365,-78.32951140164394,-1655.3437721783307,-6.074498069312918,-4.501723919685054,-0.47198276827943875
1754940288.3213868,51.329491427900344,-36.49487678300332,-1684.7049781387573,-3.0401713397195973,-4.522852791798839,0.43503269960967633
1754940288.3265944,65.64237951785208,-16.18810447269746,-1602.2628613181887,-1.0117405770649182,-4.533803319764586,-0.4006633278737537
1754940288.3314197,52.7233164115016,-7.262436923136686,-1608.9161631209695,-0.6581230882046614,-4.531683622685261,0.35437692090699846
1754940288.3366845,10.381131553233281,-4.632481268000504,-1658.4616394193627,-0.45943400625895625,0.5072553678911311,-0.6273449109655675
1754940288.341449,52.66978478800092,-47.913994047075676,-1645.3188568527755,-3.901863069477219,-4.554722096986048,0.39011152088579015
1754940288.3466294,61.818545128080196,14.876215572187284,-1603.3300579313795,1.3093491697107642,-4.534977083937806,-0.18582179494311007
1754940288.3516562,52.704360801061746,-40.42145879281348,-1624.5039840519273,-3.1646839589508655,-4.529630117768532,0.316072338097224
1754940288.3568566,63.590779315632176,-55.63138752575364,-1659.9701361227608,-4.21615989559627,-4.504349595048992,-0.4138836602448639
1754940288.361491,50.55109702430449,-49.449782163566596,-1727.3966356344908,-4.096435810755889,-4.510904161830689,0.374151707883293
1754940288.3666818,61.440325148601396,-12.446981265883494,-1574.822546080157,-0.7215983133196249,-4.551099959928292,-0.16827860786966653
1754940288.3717768,52.07037794589301,-15.525347227544428,-1665.4363008686335,-1.337150820330022,-4.504060988486544,0.3406776136062403
1754940288.3768728,64.2215148318432,19.118569373624126,-1599.7149715830324,1.5894339608630825,-4.500066497198175,-0.44727662365780163
1754940288.3819335,45.04977708143046,-67.2773890866626,-1713.0707844956298,-5.471254561996071,-3.9170011097551196,0.2972292758906009
1754940288.3872974,50.51296978125096,11.289682573572065,-1595.918621459129,0.8557554801476159,-4.540987657303297,0.4945562873510072
1754940288.392589,61.50926658470766,-51.54250350633575,-1636.9448703947928,-4.064596604114213,-4.539247224260391,-0.1465879741604586
1754940288.3976302,64.29616765718237,-36.43294292444577,-1557.464439712839,-2.455043732509628,-4.509747010740317,-0.4449600301683059
1754940288.4022648,54.010765436185515,-58.496466350305525,-1684.4219846238402,-4.7937220948921055,-4.511059694992227,0.2343809112252055
1754940288.4074059,51.14976233030494,-22.369220671034213,-1589.4634774287456,-1.7356281307842734,-4.5558844762164155,0.5289649823042444
1754940288.4126127,63.76250061525769,-20.117233945083804,-1671.5136867890087,-1.6913803561344478,-4.507166704529557,-0.31366034245068086
1754940288.4175966,60.73659384603776,48.23807343297348,-1582.9629587792092,3.9305983440893346,-4.505750899647378,-0.2761826480766285
1754940288.4224372,59.20826489430293,-81.65252636366034,-1716.9461723151562,-6.566727456909106,-4.506094144907239,-0.09201336224779286
1754940288.427518,49.73500732681523,-6.408899694705042,-1674.7977633886048,-0.6035132678173956,-4.528901795638991,0.5193245843516554
1754940288.4323475,64.02179449874927,-51.03730030172994,-1643.2063096462957,-3.954802812284651,-4.524022587525556,-0.3533751873718476
1754940288.437847,58.257119940375716,-25.63287189883234,-1627.0313956007217,-1.612055932220323,-4.513793636065,-0.14856701555986784
1754940288.4424095,9.223988425367029,-22.841537533018823,-1742.0139758285004,-2.024048919896848,0.5097784653234876,-0.4596100891528835
1754940288.4478025,51.49683292997944,-40.97098536366508,-1686.3414994953755,-3.3081077412848146,-4.454882888642859,0.44604423959855666
1754940288.4522307,73.28120178585122,-1.105530580034955,-1634.280310209084,0.08741828494797116,-4.52479931563731,-0.8814063676303041
1754940288.457929,53.85061336103045,-14.270419069437423,-1616.9131232286336,-1.0431376652232087,-4.525673731344222,0.1955942115004331
1754940288.462589,63.590428981065955,-69.37695399997293,-1686.1399784060116,-5.380184859532848,-4.502697563420554,-0.41369079452382806
1754940288.4676003,51.20162807285239,-39.6256575107779,-1666.498949621004,-3.2948450057568817,-4.525277668766257,0.4160947562488406
1754940288.472319,62.2911088520669,-11.19129705273781,-1575.1939978735218,-0.6427854059497462,-4.540521704704339,-0.1916106836845392
1754940288.4780014,52.68506972533974,-8.18560694077322,-1589.8667596222676,-0.7328328522061747,-4.532172871327119,0.35187611692747545
1754940288.4824662,10.32044648271469,-3.556173056242443,-1637.257250070044,-0.36590122892496146,0.5006725146516801,-0.6243137917529666
1754940288.4875433,52.71236308951001,-47.1022412661454,-1626.642850654863,-3.8356417208349143,-4.555368536430327,0.3904360079690293
1754940288.4923077,62.04660245780006,15.358027338478308,-1587.3737455007408,1.3439158658187096,-4.536792108145402,-0.19344405337621123
1754940288.4976404,53.03319271845255,-31.43196857709802,-1610.996145799643,-2.4356767062959825,-4.532335892707037,0.2729210941011334
1754940288.5026088,63.008894630561706,-57.64616077197722,-1659.5208098982696,-4.418847824605429,-4.502378665935572,-0.3843096608693465
1754940288.5080864,50.96481967004349,-44.191783449771805,-1658.3077227008935,-3.6665909322237127,-4.52549012867047,0.39088578218986625
1754940288.5129092,61.864594982159346,-11.571447941763012,-1565.215466331691,-0.6659920574253542,-4.551224129783517,-0.17175148751314973
1754940288.518164,52.18142581997983,-11.664617755023105,-1644.4352779388,-1.0188529277214353,-4.500143831982124,0.34665311049644665
1754940288.523169,8.380808485688142,6.124974167266288,-1664.348220935417,0.5017994328746225,0.5058689756907263,-0.49450758998025235
1754940288.5284555,50.86511887839916,-62.659760076502835,-1698.7337454013937,-5.0912686163627505,-4.516874378502762,0.36580618188383635
1754940288.5332804,59.477574045719095,15.07533570349932,-1588.9294123109664,1.3624181421720691,-4.5364796581541444,-0.14979898854917068
1754940288.5385273,52.293802655907825,-48.68096807767053,-1639.4436924226213,-3.832838357252454,-4.51609212463127,0.3264361458945081
1754940288.5438685,64.97096264375942,-45.26900773542509,-1629.421794671638,-3.1980355622024588,-4.50843953591891,-0.49788940569285656
1754940288.5484087,53.85745087943426,-56.41896284239951,-1687.8897990390685,-4.627866126978894,-4.5161644664921745,0.2578080192796538
1754940288.5534027,51.392217907952045,-19.77094570673637,-1586.8976132924274,-1.5265900761815896,-4.545100202031749,0.5284324755510191
1754940288.558939,62.50986727071455,-20.361817095526035,-1615.605188325761,-1.7263204759417612,-4.536330273371911,-0.22064420673976906
1754940288.5635326,5.146496832716238,40.66177809942846,-1596.4036191406021,3.282813249115671,0.5047328547619062,-0.3753885588424708
1754940288.5683565,55.935979711533214,-69.10143250338666,-1664.786513247982,-5.625483511138475,-4.537292448640338,0.14024966953583196
1754940288.5733988,51.194747108393585,6.930332435040853,-1556.4632811771128,0.4939989323226839,-4.561965689587113,0.5115210033582965
1754940288.5789328,52.488794747976755,-50.251090546918334,-1594.546342466924,-3.966885715462074,-4.546466801367675,0.30895735998314555
1754940288.5836337,64.25147621195848,-38.64679764374446,-1571.199793045014,-2.6708523503991097,-4.504128642165931,-0.44125371970658456
1754940288.5891125,53.87902284227556,-61.04754807467066,-1685.1301829363458,-5.007412011215299,-4.517422088456964,0.2559641053312892
1754940288.5937698,51.68733277071512,-16.69035751770022,-1583.831042580389,-1.279946173515246,-4.544745598037958,0.5042782667426853
1754940288.5989208,61.94937578975705,-20.362000538571646,-1608.4337972853948,-1.728270796938061,-4.537162829777487,-0.16538661286458411
1754940288.6037507,62.207105301999164,29.59448820616852,-1539.8442688499663,2.40969332424772,-4.514126606473251,-0.3808916003017767
1754940288.6088047,54.89140985343215,-59.72783355615232,-1653.6535148676883,-4.87306553038267,-4.515914064324422,0.1602799091465252
1754940288.6138456,53.2510405829301,-2.6166882809943104,-1625.2631611043378,-0.27709653076742247,-4.542623489451108,0.5120712350539373
1754940288.6189523,63.36801238543926,-51.45879482620424,-1633.3374955228626,-4.0531067437555865,-4.542175892712418,-0.2515842158401961
1754940288.6239371,64.33107550283663,-34.67881840111261,-1533.3728772239328,-2.257913331817858,-4.507460043860387,-0.43445952444545644
1754940288.629186,53.96640464820485,-62.54685213474974,-1663.9861853503014,-5.1263250756068395,-4.50870131544612,0.23680260515725757
1754940288.6338296,51.92813737598475,-19.638908271316154,-1620.2626293000526,-1.5244898270166214,-4.560923233423725,0.5063667601977602
1754940288.6392455,64.01811133991711,-20.577639028952692,-1634.8753904866421,-1.7250375316744464,-4.522789186718406,-0.2859937428797998
1754940288.64437,61.026079626509166,46.56666520227594,-1546.4073837055153,3.7824218924046784,-4.514003303383392,-0.3185899274101859
1754940288.649274,57.7966050263869,-71.14687343501225,-1675.994499386728,-5.741614300161457,-4.506676745550402,-0.014314755827586519
1754940288.65441,53.05752882572143,-11.6870450874234,-1658.56055709874,-1.0189075325030554,-4.550389768930306,0.503847611424314
1754940288.6595309,64.27945804971081,-52.62016577702923,-1710.5400018751448,-4.0900852636956095,-4.523256860245397,-0.3448872275345263
1754940288.6641786,58.23104625693804,-26.285157731648738,-1632.300918452978,-1.6687015251280828,-4.5079336536028825,-0.15628903973888553
1754940288.669335,9.057365765395282,-24.678539945777146,-1745.317574359059,-2.1730900626292353,0.5029986938453592,-0.44039403478496575
1754940288.6744003,49.78567338086072,-43.99792356854556,-1678.1210697651832,-3.522754168280388,-4.5239157618641705,0.487538248216176
1754940288.679799,73.7755881829256,-3.1028556678549553,-1702.4489049871202,-0.061471407066036085,-4.531281104993294,-0.8988191411082406
1754940288.6843643,53.11104165218157,-24.779991158851587,-1676.7006063123492,-1.8870488273886115,-4.501573713286324,0.24770931649016376
1754940288.6898386,8.090748609519395,-60.640612916828545,-1720.4948410941495,-4.596369798392397,0.5009081713033545,-0.46653645668651866
1754940288.6944866,50.55680742164998,-48.5618861833083,-1727.709851196814,-4.022527799965346,-4.508391181422715,0.3770617988157592
1754940288.69955,61.26937325620925,-13.681317848290291,-1631.5445506427197,-0.8186732645643218,-4.552339180951482,-0.15357681109731214
1754940288.7043705,52.13557228030205,-18.085787910449536,-1720.849236500008,-1.5470372846066467,-4.518326958183189,0.3405370516637438
1754940288.709787,63.48149839330551,36.87796524518228,-1627.4824103361323,3.0410428767276496,-4.512845823898788,-0.427618290115215
1754940288.7147279,57.69828058257713,-73.33000559310611,-1750.5670618728718,-5.922764306034921,-4.5061784794134265,0.004172298087410745
1754940288.7199357,52.61507916539236,-15.406249051290729,-1726.875855993445,-1.323076643302572,-4.5198482004827545,0.5064376995348938
1754940288.724746,63.73803299469088,-52.47977746779934,-1704.5442908434825,-4.062229560218624,-4.516827393681863,-0.3410428141916969
1754940288.7296922,56.51333534467619,-21.16782070718744,-1576.008800417026,-1.3571406220776372,-4.506893888519144,-0.0461800888837028
1754940288.7344508,64.87920737098202,-25.56118944904847,-1702.719510346101,-2.2320055924033264,-4.503774197021236,-0.41618866727941806
1754940288.7398162,52.15610418647209,-43.664722727172716,-1704.011986059013,-3.5290765865189595,-4.519195689397736,0.44718916924050156
1754940288.7446434,68.35392472862544,0.531785153154809,-1700.0851430798434,0.25001072982251293,-4.158258227209653,-0.8700104456059492
1754940288.7494624,50.258107841250784,-43.09691285940268,-1692.4110352018747,-3.377853504472048,-4.315589149980717,0.3351878928655614
1754940288.7544646,7.8272651235374795,-51.38963079620491,-1640.9696780497068,-3.824699667296148,0.5037183036507683,-0.4406188586550972
1754940288.7601094,50.71854421588962,-47.138152382199735,-1663.8460132796322,-3.9054506053860756,-4.517760894401447,0.3744246462738887
1754940288.7646704,59.998755738429395,-14.836229717079362,-1611.7640619790923,-0.889604052596638,-4.552724126399807,-0.12886306668836894
1754940288.7699647,52.25231806516269,-16.529184869831404,-1606.950956731914,-1.415650572649506,-4.522101263450704,0.31739455119273186
1754940288.774736,5.7269775648312695,20.76301470570388,-1609.9289194497944,1.6595837179187503,0.5013614263297694,-0.409983909980264
1754940288.7800052,49.914981779599266,-57.16255773577251,-1652.1998019441492,-4.676963524193631,-4.538703834165231,0.4179932499801383
1754940288.7846818,60.919381424981275,10.458187170948761,-1616.2632279227914,0.996321091968569,-4.527108833499273,-0.17288554836906211
1754940288.7902577,52.466691961995906,-49.523922648386986,-1655.083907952323,-3.9020775173365108,-4.536272580758343,0.33880419757162356
1754940288.7952075,64.77406568713431,-42.40390731970879,-1627.6556391357506,-2.944958264195061,-4.503407732318417,-0.48901698174013986
1754940288.8000107,43.17925168656453,-58.62787932212572,-1748.1363704698983,-4.814576069677225,-3.4868152741382206,0.19886302877431372
1754940288.8053887,53.40092150085272,-26.711399462944115,-1655.537066396415,-2.1329346256349604,-4.553795855177243,0.5120622231231836
1754940288.810443,64.1680650912248,-20.26095992428506,-1600.5507574837013,-1.687695789055533,-4.542139442845779,-0.3285361229421309
1754940288.8152483,61.12941301891118,50.91028800618011,-1569.9475027065503,4.144023530093431,-4.511721641148455,-0.31366324175602844
1754940288.8205354,59.161772714871,-79.94628450310589,-1698.6059150746412,-6.434628946240327,-4.521594899542025,-0.08554841904250038
1754940288.8263807,49.9306846152973,-5.774250257637846,-1659.9422552943356,-0.5478869682754555,-4.5280953036938705,0.5182012496684071
1754940288.8305426,64.23633589803481,-51.83734882374986,-1681.6090248008982,-4.018965006294678,-4.539502618499591,-0.34766261660244646
1754940288.8353631,0.6515441650287705,-21.596522511145757,-1609.6323057581706,-1.3561344327884113,0.5001602402537444,-0.07634469226932036
1754940288.8404894,63.8582264149406,-31.05213554820125,-1675.377663994191,-2.6782330113831385,-4.524423012191202,-0.34165948536675983
1754940288.8456755,50.08094458300601,-38.38991970063569,-1599.3956032003225,-3.0579548113173294,-4.542932006534053,0.4945828501726188
1754940288.8505225,63.11901124919551,-21.700360965378827,-1609.7034194894516,-1.7571616303200734,-4.534866970672388,-0.30942968030087564
1754940288.855578,57.37957912794694,32.15865956898982,-1598.0460388670235,2.6980564694090443,-4.5016756156769455,-0.11764518924915368
1754940288.8606641,9.1370600680597,-92.8143177527854,-1727.4837473937046,-7.261006582670625,0.5081678010665696,-0.49277703088004887
1754940288.8652864,52.11535685758119,-24.6751307943737,-1615.1353072138033,-2.074002974772906,-4.544934618007961,0.4418767372417533
1754940288.8706584,75.07400675956413,-35.534557306885176,-1577.9694573243246,-2.5640052093391166,-4.528189106828768,-0.9113279514399463
1754940288.8754058,56.58747162985435,-19.25448615013584,-1583.5621697545216,-1.2162360880975536,-4.516425752461407,-0.045830592282845875
1754940288.8805716,9.520572062321598,-13.829377685542681,-1682.6916489194618,-1.2689322463338533,0.5026017759921788,-0.4858765648181177
1754940288.8852808,52.18425944261658,-44.954827999482546,-1645.5560058128979,-3.6334489944720385,-4.547685823211117,0.45877160074957635
1754940288.8909173,74.25814201972719,-3.639634964997354,-1652.7614406597677,-0.11989096894935997,-4.540813701820431,-0.9111165755774472
1754940288.8956046,53.97911759916184,-9.643273484680776,-1633.6402115543274,-0.6623201636184308,-4.513883376174326,0.17066835568518812
1754940288.9006586,6.7009443306992225,-65.3738968930792,-1704.5715787407364,-5.068281829911214,0.5107733162168347,-0.3986620420591237
1754940288.9056334,51.36463737223458,-39.164069246920405,-1639.6859457431465,-3.2563964529088025,-4.539098423075304,0.4129858696465363
1754940288.9108834,63.26111729386554,-11.927781904883034,-1554.38989879737,-0.696327909544344,-4.534686678750107,-0.255414407195948
1754940288.9158273,52.92822665791864,-9.547050055235175,-1564.7792885812291,-0.7646144168039153,-4.519546566052532,0.295168452383902
1754940288.9210904,67.0786078596803,-5.082150687186044,-1625.0629816986022,-0.5223259565837286,-4.524031997684855,-0.6048341176271743
1754940288.926007,52.560833662566964,-47.93926647099241,-1657.5939710381267,-3.8935657210665973,-4.529425757141519,0.39919852181082555
1754940288.931099,62.92333453392912,15.079193624034541,-1563.5917113320886,1.3265533996305878,-4.558512185849867,-0.2366920742890956
1754940288.9361815,53.228825970591885,-24.305738547693608,-1581.9120142666743,-1.857790701667584,-4.524507637144429,0.24915737584491837
1754940288.9413016,6.402439606073315,-61.844567611859944,-1642.4485016954964,-4.789649688963486,0.5018716560990454,-0.376833657910303
1754940288.9465134,51.397196327956955,-39.05758059404562,-1637.66133815675,-3.24768480080143,-4.540495665553342,0.41505225683719466
1754940288.951316,63.78069354921206,-12.465771169035264,-1554.2908130787337,-0.7350985260522551,-4.5333003528934865,-0.2896529896540103
1754940288.9562194,53.043864930725505,-9.920832844694155,-1563.5509892194511,-0.7791863504757481,-4.520099117424712,0.2811904662192676
1754940288.961441,66.82217202261546,-5.854697138108207,-1627.446062070093,-0.585717026617453,-4.501206744012283,-0.6037697066997023
1754940288.9663532,52.53339639384079,-47.54228597811911,-1658.1453348595498,-3.8599049002934187,-4.528749692789814,0.40132515524136164
1754940288.9714417,63.676247887274634,13.503783816805061,-1567.6758415654883,1.2093197872175514,-4.535947846121268,-0.2949438460596717
1754940288.976601,53.44666913194984,-21.768376378583724,-1631.8264386776668,-1.6462356173111994,-4.528701756645173,0.2379139984530101
1754940288.9821372,7.350336130112357,-65.6960304522166,-1691.932242186105,-5.047111396725956,0.5120899065507187,-0.45385032626594823
1754940288.9865527,50.975619577075314,-44.7136994252551,-1700.78720975522,-3.70848803734002,-4.53010713642996,0.39150228917719104
1754940288.9919484,59.77688739327071,-14.321818446743265,-1594.1676109358295,-0.8457369268465957,-4.5257760287502755,-0.13908036249724898
1754940288.9966407,52.27322167308955,-14.656869454780283,-1639.3968117386564,-1.262848725392675,-4.516147089037712,0.3261768379803895
1754940289.0017676,8.255922918207098,13.41643168272094,-1642.3429562123586,1.102248436444191,0.5076000187663062,-0.4787838942407713
1754940289.0067403,50.05444647161764,-59.50543623612461,-1684.1823508611087,-4.863081045373294,-4.517213297406574,0.3972887605090213
1754940289.0116851,61.22859074472516,10.03664193178571,-1587.3891036418886,0.9676803127038296,-4.537364131209319,-0.1869997037308202
1754940289.016851,52.53662062645322,-47.98697580376526,-1623.1575858097249,-3.7788219567784047,-4.537782522013081,0.3389919717378549
1754940289.0220325,8.377894513433056,-46.0813194843567,-1604.441939481247,-3.278250903629819,0.505451470497579,-0.49879437713442
1754940289.026963,53.91534296712247,-52.495910710302155,-1657.3687904318328,-4.313758695600955,-4.543824799490175,0.27954210262209106
1754940289.0327492,62.63074279551555,-17.85145326975487,-1626.41729644851,-1.1886613445698897,-4.534972422304479,-0.13598739824200656
1754940289.0371222,60.304386200442174,-20.38644774366542,-1642.7285016928593,-1.7325138790366752,-4.535528908436349,-0.10271290887918591
1754940289.0420275,61.38731099053735,38.53835571103866,-1623.6169095638338,3.1100608279112825,-4.5053145336638405,-0.36313470245716106
1754940289.0474863,57.190156368428475,-75.58656922839211,-1741.2440520138175,-6.119681283905157,-4.502893892548874,0.03727512663555696
1754940289.0522835,50.08901604566036,-0.4844828019703016,-1640.8418162700732,-0.11583901496730165,-4.546629551335572,0.5255940448693665
1754940289.0573137,64.40259677239894,-51.67931920556447,-1662.6594078183339,-4.0300364486115114,-4.524007419829945,-0.3396265536157579
1754940289.0627189,60.8725794651551,-34.98056660185512,-1633.0980843029668,-2.2427442584836106,-4.503268515013428,-0.34271407797620357
1754940289.0679827,63.07810979817449,-35.398137547154136,-1744.032738095346,-3.035801936053188,-4.500512020755468,-0.29539144948502205
1754940289.072991,50.01120426672581,-40.44401880576973,-1664.5857346812027,-3.225797440896592,-4.542738051401638,0.5018907345799294
1754940289.0777054,74.68284725358097,-6.281781758517272,-1642.4678473755716,-0.3670540261378511,-4.521865105639672,-0.9148233198474428
1754940289.0826054,-1.3946136994433083,8.288850569542106,-1650.981600468669,0.7923435732746784,0.5052279911785721,0.05830222662001262
1754940289.08763,65.66389782255055,-90.28203610167583,-1708.398968282416,-7.028397263510783,-4.5026557170529315,-0.535818121327625
1754940289.0927665,43.10712771530967,-36.77940242666503,-1711.7693221935428,-3.0632758953655657,-3.798542161386795,0.42966517402414744
1754940289.0976768,60.882602426106104,-13.138862799694351,-1603.1353031414073,-0.7662719257005954,-4.5480461118334885,-0.15354952573221997
1754940289.1027386,44.9252609647146,-11.259823432108027,-1693.6707741208077,-0.9855093639238572,-3.8523628114791957,0.33127456393996046
1754940289.107852,59.37504485164063,6.808764119636152,-1703.3745698794078,0.5186137962638262,-4.1310597943447505,-0.4240198863329466
1754940289.1130018,50.22369747268343,-60.98737367435791,-1730.0546248986172,-4.9835528784231276,-4.5230230266023685,0.3942158422547861
1754940289.1177037,59.38795084216176,11.981488939555604,-1623.6018559636464,1.123600228651096,-4.542166511942268,-0.13602888464338547
1754940289.122727,62.22640806350621,-52.0236925447841,-1669.0709249126896,-4.097773823587948,-4.520258960582979,-0.18991290628073013
1754940289.1275537,64.845472493148,-36.341257296649346,-1631.2123446376688,-2.3805104884679,-4.5004625978128665,-0.48033214522240897
1754940289.132611,59.655073815825915,-46.564146984947,-1759.5993027405166,-3.9211239529507926,-4.504612716460823,-0.0742407274434296
1754940289.13755,52.984564992778516,-33.26677569887039,-1675.649722566127,-2.6694103361898316,-4.5449581058043895,0.5007732258395624
1754940289.1431313,63.42480582929126,-20.63739782886582,-1665.249488126854,-1.6828688856199903,-4.519004531967425,-0.3283600888016941
1754940289.147788,1.542181984836585,37.380891251521035,-1644.8873886137335,3.1243372635454536,0.5099269348136025,-0.16647331341620503
1754940289.1531117,64.38849728174445,-90.52565764446297,-1726.2520620203284,-7.1200735883377675,-4.504681613897725,-0.4215972551017485
1754940289.1581676,39.769892483847805,-31.893742086056193,-1726.710080539564,-2.6664814150630587,-3.4805347260851742,0.45335855166632066
1754940289.1631463,73.63470775452512,-30.988197084601808,-1654.7711303217557,-2.1216901788226847,-4.537558303678065,-0.8871889439972559
1754940289.1681204,52.52179337396751,-9.207205219204539,-1655.1691914517055,-0.8166936159041023,-4.521924464575889,0.3317262133833764
1754940289.1732533,64.37889976174168,-4.205051424600327,-1693.2368671433662,-0.3876555295632863,-4.511316381171318,-0.44326339702853024
1754940289.1783442,51.01764635713121,-61.217169794771166,-1707.4883647541246,-4.971686366179485,-4.5291380631896345,0.3817936883579912
1754940289.1832545,59.29921086263289,15.66765749067602,-1648.0481016773406,1.4059059123429902,-4.538849116224551,-0.13852606166478432
1754940289.1883335,52.18474664336081,-50.92098353946224,-1684.475480708262,-4.009998952274065,-4.516702610614939,0.32263828099098096
1754940289.1937995,8.975623931876427,-39.83445782095511,-1655.5127587334691,-2.666707604944474,0.5029071835168576,-0.5137109200612242
1754940289.1983619,55.29318650027559,-61.71745550380044,-1738.7449964155358,-5.07591998619254,-4.506249827916554,0.15840372053131357
1754940289.2035077,50.11317349196845,-28.677258491105363,-1643.463055178837,-2.2457191023176204,-4.548651667064559,0.5311362512728929
1754940289.2082226,63.62994023310201,-20.360237350180867,-1663.8672972934,-1.6757336576475819,-4.517419157072128,-0.32460308013235367
1754940289.2139287,58.904548444880874,38.0535858889169,-1594.210291375087,3.1523036215391302,-4.5211106572813184,-0.18275068718843512
1754940289.2182562,7.0146768586685155,-90.26478699513032,-1726.11964028597,-7.142569814282174,0.5042277452894924,-0.3376089324723509
1754940289.223763,52.11942802233871,-20.051557517195675,-1653.3953446216517,-1.7024122375345883,-4.555898353207604,0.46674914382543686
1754940289.228432,74.84924394435373,-37.14235481991825,-1674.0863332553035,-2.6855013604276463,-4.522029062351918,-0.9118081967207553
1754940289.2335625,55.32676539895891,-12.043088252684996,-1571.8151377334682,-0.764268878015165,-4.524005336083713,0.09008002689771
1754940289.238608,65.65080699896974,-19.302605505140093,-1680.0306196696447,-1.714051105528783,-4.507168288336771,-0.4751035366942282
1754940289.2440605,51.99141834456787,-44.57737240198489,-1706.3140024788688,-3.612528396731646,-4.523266009626954,0.4263288171486327
1754940289.2486322,65.54794462165087,8.988853970839074,-1626.6761983682331,0.8554171079827899,-4.530883730813866,-0.3764435049649185
1754940289.253655,53.08846880778684,-24.41268632726039,-1628.7673162852736,-1.8601591766126457,-4.503153808555147,0.22162209040223246
1754940289.2585979,7.285921590071027,-58.06279654364411,-1680.0072796439156,-4.4275371489959685,0.5080792290062666,-0.4133792247514537
1754940289.2637553,51.170384121169604,-45.1547466667908,-1675.5059037169206,-3.745112586517382,-4.545822304907956,0.3938445383384057
1754940289.2685661,61.76945626658466,-11.260278944178992,-1586.3416051686816,-0.6341839194296293,-4.539358158461925,-0.18862296704512277
1754940289.2738001,52.52007298313162,-11.498144648477828,-1613.7333718997845,-1.004074283830203,-4.532885417314455,0.35715098868944173
1754940289.2788036,63.3643642930473,-3.1964554046897717,-1639.8488750399874,-0.2670929219889754,-4.504371640689018,-0.4362824722878149
1754940289.2838092,52.63093617866424,-52.91552754196479,-1711.1823459544044,-4.34084642353613,-4.516127506859576,0.33174683437214214
1754940289.2888572,63.1945571390784,1.1942092065439454,-1615.6950653728716,0.23311162472371783,-4.545986562908041,-0.15401255560141341
1754940289.293771,52.122894214616274,-48.97744162332495,-1678.3175028988626,-3.8516918964882354,-4.5027149911223665,0.3172351779174565
1754940289.2986493,8.57277534931437,-42.25433428617916,-1608.6802665663251,-2.934791710686489,0.5002640813624333,-0.486796393573936
1754940289.3038213,53.83269825508654,-59.23042195029598,-1683.1262060785539,-4.862154168337126,-4.513420512137914,0.2585880645449942
1754940289.3088987,50.09736077244885,-19.95982057518134,-1625.692768316783,-1.5215467669261766,-4.540007304587532,0.538625487511893
1754940289.3142588,64.21795722237206,-20.16717977952397,-1658.7331270741495,-1.69392384287135,-4.515940821899189,-0.3206767453543932
1754940289.3191297,61.66604186420429,49.285300829399404,-1628.1002184767726,4.009551373803081,-4.511785349494597,-0.36081865482906317
1754940289.3242824,59.13208459681225,-81.44311351842867,-1717.250305414438,-6.549307514065637,-4.505993906018293,-0.060689495928461706
1754940289.3289754,52.975359845962984,-12.77922183567344,-1631.5546897899408,-1.1088522591798218,-4.55991529760471,0.4896802257482731
1754940289.3344193,63.97614854183992,-51.07819700843616,-1641.2480609419517,-3.9692342974825205,-4.526610370771042,-0.3461178086695399
1754940289.3390765,59.690934242773636,-30.341834579177103,-1565.5638262952507,-1.9220718807550607,-4.519596699747206,-0.2450295670314827
1754940289.3445733,62.260417628669,-37.55559825412951,-1688.4415135321035,-3.2044610302258354,-4.511027109535041,-0.2435925116699923
1754940289.3493085,52.143194677297245,-33.119526700567945,-1617.1911517785213,-2.6500032952986077,-4.540553601995267,0.47041952053872516
1754940289.354475,63.049943184231985,-21.23669053744752,-1662.3820479368587,-1.7220529308966446,-4.5318303270125515,-0.2891486908745794
1754940289.359473,0.18067469669657044,23.39118811805453,-1646.8106690218888,2.007058268533667,0.5132572166701538,-0.08016295131200105
1754940289.3642645,8.138839901933384,-83.75772375092541,-1700.3179144104133,-6.558060239220639,0.5002776156655622,-0.43003952619426555
1754940289.369198,51.82453538693153,-28.67384441333212,-1634.502225598695,-2.4046392451386875,-4.530741103073956,0.452480380289887
1754940289.3747423,74.61371882192199,-33.021762402693554,-1592.7717131321233,-2.3348229941853154,-4.533008279861875,-0.9210177470035592
1754940289.3794613,55.154875072057386,-16.000813833601853,-1603.802885650745,-1.0253473065692789,-4.501987741496987,0.0722715420711344
1754940289.3846276,66.49490470389142,-12.690322522845463,-1686.7987794710011,-1.1569907842092548,-4.5126036642998555,-0.5451437096651353
1754940289.389605,52.48823340296306,-46.92390520686496,-1663.2000695647384,-3.8020727565044146,-4.5446256711791575,0.4208276241948622
1754940289.3946369,72.57038107299715,0.7274582215653593,-1596.1151841653275,0.27246439198325023,-4.528743433324135,-0.8797039177114396
1754940289.3993955,53.934122394561726,-12.572283810383453,-1598.374700738573,-0.8992324104758309,-4.526563634130168,0.16195483094828994
1754940289.404691,62.16429391623902,-61.3394551038505,-1674.1872749966956,-4.779985644560069,-4.512832418589164,-0.3270623864306096
1754940289.4095924,51.21888274940353,-40.36229742873607,-1650.0341594842803,-3.35375625911872,-4.534436553460607,0.40963299778997975
1754940289.414538,62.6222821576951,-10.731649864881064,-1568.3603358323357,-0.599995660776645,-4.555129673300831,-0.218489128122956
1754940289.419294,53.239498286154934,-11.032520803954384,-1579.8926386344792,-0.8503949093703369,-4.535339372439863,0.2836806695050925
1754940289.424827,67.30117641661234,1.2021018832561765,-1630.4690262294046,0.007249454924231992,-4.502360735054912,-0.6477234068933415
1754940289.4293838,52.67078554226121,-50.43016336959599,-1675.3823043171233,-4.109446179144333,-4.5288609385649385,0.37898198588156046
1754940289.4347289,62.40913784716756,10.652124298092573,-1582.7930703177656,0.9735262256398427,-4.536623911801605,-0.1806684399705613
1754940289.4395351,52.804103243259334,-37.3455464060993,-1594.1411571682509,-2.914386515836882,-4.532409625081299,0.3065163057099968
1754940289.44461,63.09916189377443,-57.62336939204113,-1637.225331940609,-4.40893133392383,-4.503958807633328,-0.389501337477696
1754940289.4494023,50.676992690157775,-45.86193004154197,-1691.6194681748218,-3.800364411599495,-4.513461007632809,0.38250029187005913
1754940289.4550283,61.5317018725604,-12.361016607840213,-1609.5759801053969,-0.7101262997907372,-4.5385117863932365,-0.18671943911763855
1754940289.4596944,52.157356105674516,-15.25856205775992,-1643.8459098976987,-1.3118796914323336,-4.512865053486996,0.3470836632014248
1754940289.4646864,63.298990252939056,16.48123686489359,-1641.1330578131879,1.3434979525190638,-4.5084554841705256,-0.4516457400744971
1754940289.4695725,53.34561644377754,-55.01578583096273,-1681.2530342248438,-4.517172657906624,-4.5127621380068526,0.25681777787315957
1754940289.474878,54.519463793630166,0.8316483988184729,-1644.434458119653,0.02607929059874651,-4.556146973275665,0.43563561808335305
1754940289.47989,62.78024560314821,-51.886416833193124,-1657.1867450944776,-4.084048942264554,-4.519624573283771,-0.2326997475818463
1754940289.4850798,64.52909746539633,-37.317646229886336,-1614.8631639708549,-2.4813839164820273,-4.511607491698039,-0.4553950670519774
1754940289.4901903,58.86061033568393,-48.343020846596545,-1737.3361510537795,-4.057511993815876,-4.504860434617299,-0.02780625349646928
1754940289.495276,49.655989452601695,-32.22518193281863,-1698.9543600900615,-2.5388264032869046,-4.52210029423497,0.5354367597179375
1754940289.5000675,63.28796921419852,-21.208540106446677,-1695.432138410597,-1.7205559668329025,-4.517991572243581,-0.3265489158884586
1754940289.5053494,57.062208947193525,28.002961217683335,-1568.3972426096636,2.3601130233344314,-4.508691775734453,-0.08623464372905931
1754940289.5104585,63.77223701763975,-83.70171505203962,-1680.0757408865072,-6.582511251982913,-4.508878996060278,-0.37753011035479633
1754940289.5154836,51.803697423840894,-27.74318286885,-1662.7373305420697,-2.3292828351833332,-4.521480800964876,0.4560290872275705
1754940289.5203114,74.20625938415806,-33.91456083974899,-1671.3677544206694,-2.384621363169699,-4.536971821881856,-0.9010100205802413
1754940289.5258346,53.52198854098381,-11.868979377910561,-1645.5332386960938,-0.8887252090437179,-4.52439786260326,0.2254366077333163
1754940289.530409,9.877157217569703,8.035532273936553,-1650.212233514775,0.515959323823564,0.5027727191681901,-0.6089042465804193
1754940289.5356617,52.601066928459915,-49.47058183480334,-1640.3488072148127,-4.02651610093719,-4.5267464197504665,0.387081450201593
1754940289.5403144,62.07401495590182,13.85939311819861,-1602.1496693265271,1.2243346201395937,-4.553864113499117,-0.16947897125395617
1754940289.5457647,52.860505621797905,-33.61966136531338,-1678.2104835778746,-2.6007194544933308,-4.518568063534605,0.2708884276262954
1754940289.5503995,8.449604488202901,-53.39392210319073,-1693.5074970431858,-3.9464251220988205,0.5104896311587235,-0.476297398717883
1754940289.5562232,50.59987584600446,-51.610190901599395,-1711.7641041207185,-4.265044167419228,-4.504521197413828,0.35090919504574336
1754940289.5607243,61.35366661224024,-12.351145507935541,-1568.4831224633595,-0.7056490387475185,-4.5589237997388405,-0.1769944968887377
1754940289.5658026,52.250244523523605,-16.525566666311814,-1606.9576872905666,-1.4146586745841783,-4.527898974505405,0.34460918793930284
1754940289.5706682,6.726783560556058,17.983049894628465,-1604.5206562550907,1.4634039097001965,0.500717065347539,-0.45469075666678405
1754940289.576138,52.66074940028687,-49.31615592207473,-1644.4647800698085,-4.065491423041024,-4.532909674830081,0.30672223888496775
1754940289.5808277,62.90413495506208,2.289069657939322,-1564.5742564964748,0.3209594191699968,-4.535697965814049,-0.1588716325895132
1754940289.5863044,52.48807281316388,-47.08848166317867,-1631.3331169387106,-3.7012638245211953,-4.5314697438471985,0.3148773053085539
1754940289.5908868,8.341116920408794,-46.64022091829426,-1617.9981076168544,-3.348819190433246,0.5048927261959706,-0.4722723338207456
1754940289.5961447,53.84002314599834,-54.7021992215121,-1657.110584729843,-4.500639542697499,-4.534088733034716,0.28888971970900856
1754940289.6009057,60.795269071927834,-15.200156608612986,-1613.3157555254904,-0.9326613778075727,-4.530468465394526,-0.14983303235854012
1754940289.6063507,52.270628165358794,-19.69647722556708,-1649.5593490467677,-1.6746189068744544,-4.536293062358611,0.32766002410633704
1754940289.6109207,61.60629409623695,33.861535457936384,-1644.3383576586407,2.7294143244769336,-4.504612554822691,-0.4031204245904546
1754940289.616199,47.25294831492522,-70.94881283506797,-1758.2244450573226,-5.7315709548376255,-3.5927660733525815,0.012466900026243125
1754940289.6210878,52.986703456620745,-11.33453068647907,-1666.0790990040896,-0.9934125126667259,-4.548728158123601,0.5005387772682693
1754940289.626538,64.16527899620195,-50.97108154811977,-1620.0923655956506,-3.9715126674891374,-4.530397352976791,-0.34716963765431735
1754940289.63115,5.166345204937624,-40.95169301239575,-1594.198643290193,-2.6490885277440643,0.5035658810672995,-0.4148556153384946
1754940289.636494,60.65148261481274,-43.163148473004185,-1667.0835919175308,-3.6455628542381273,-4.508906294103106,-0.15488941285747077
1754940289.6415143,52.138637422443544,-27.86509616002553,-1585.2290737190249,-2.210729166336611,-4.542809048401987,0.48240172562478956
1754940289.6469142,63.67109515902429,-18.829266438114676,-1633.6812229006637,-1.5495253171487857,-4.541650746124899,-0.29453872794364894
1754940289.6515186,58.68879439675047,36.05501565812662,-1555.668876150656,2.9823890761066103,-4.5068706881726275,-0.18267726038724752
1754940289.6566951,60.748585856525125,-83.98032572453215,-1686.2223399536226,-6.7151905972615555,-4.517314576811064,-0.1610004824650878
1754940289.6613631,52.32916112309005,-17.520628553145286,-1667.2648588890495,-1.4963331563537112,-4.520874103806661,0.48051507062359566
1754940289.6665516,63.5994242478112,-52.368063637149874,-1654.796264970128,-4.057503747933907,-4.529694498771197,-0.31630080390578613
1754940289.6712976,1.431227937239214,-23.028015360771498,-1633.0487347375476,-1.4203006586752474,0.5058320494011351,-0.1509520702046127
1754940289.676708,9.011914627867544,-21.7504974697016,-1702.3250890276831,-1.9272055628648905,0.5058058787375859,-0.4432295951252253
1754940289.6813421,52.184351319207856,-39.797260222900064,-1656.7425154131895,-3.213429240630802,-4.532563124142179,0.44487412370767343
1754940289.6864831,73.97983907145485,-3.487677020279333,-1614.1340513556884,-0.10997558513497774,-4.54358656314777,-0.8954025890271311
1754940289.691533,54.653721061736434,1.5376500668601096,-1588.3469824356098,0.24023060797737794,-4.510083257722802,0.0920236668337798
1754940289.6965392,62.91322553745144,-73.70298662536837,-1678.934905886648,-5.780894165421824,-4.521354617226358,-0.3566840764199707
1754940289.7012765,51.408660583306144,-34.457158724843794,-1644.470155434455,-2.872219152657917,-4.529780270211745,0.43009430921769554
1754940289.7065694,74.06176426210598,-29.947604800867964,-1592.5784465760578,-2.048826256798143,-4.551671482406852,-0.906342359881004
1754940289.7114425,53.55541782998225,-10.915148694547831,-1569.2499369389234,-0.7870448780229578,-4.522401929711359,0.2338955742287036
1754940289.7167354,10.65227090227232,-4.99448251953325,-1625.227411302099,-0.5209445199767928,0.5001358935799078,-0.6087240830795213
1754940289.721459,52.72253866391728,-45.2635012689602,-1610.7329024585686,-3.6651235755676437,-4.548160607641431,0.41277748859041813
1754940289.72679,72.96940520658207,-1.2213511078857682,-1605.8133373958972,0.10328530750248544,-4.520346641435587,-0.8866412452086629
1754940289.731632,53.895713767716316,-9.31841000004006,-1596.1490862239098,-0.6366463164913199,-4.512137635847244,0.15748880992824238
1754940289.7367928,61.894338979173384,-64.72326794247269,-1675.2703118605189,-5.0771391778296255,-4.520517940646237,-0.31119732011700174
1754940289.7415812,51.22080987174944,-38.115823681214636,-1644.884413845873,-3.1693969915181244,-4.527487455923349,0.41557971510901603
1754940289.746611,64.46852357761522,-13.85452647189311,-1568.5918030228233,-0.836964053232081,-4.537952865034178,-0.3279819301882263
1754940289.7513483,53.416877976269284,-11.768365888590289,-1624.8694840440755,-0.8771072513258196,-4.527404259226209,0.25263865346892656
1754940289.7568598,11.903054838636791,9.322207728146026,-1666.632382095641,0.6678447161191883,0.5110769873674005,-0.7092982174439644
1754940289.7614493,51.309817995107146,-56.44090525733117,-1670.9273873041602,-4.577622545835904,-4.537090486377689,0.40079461448760295
1754940289.7664952,61.84611383479013,13.353628501421639,-1582.9722378014405,1.2011796307413243,-4.526695769273972,-0.19927002613446837
1754940289.7713184,52.53262465689612,-41.60594094388061,-1611.6848364731757,-3.258549610479778,-4.519407866060685,0.3313762339704506
1754940289.7767358,7.724343265596744,-59.6937402617026,-1645.3981187555341,-4.5096063343939115,0.5043255088968256,-0.4668415300030029
1754940289.781498,50.6988644724133,-46.04067239718836,-1662.28824452129,-3.8117024950144893,-4.520520853914218,0.37243398039999004
1754940289.786631,61.77135167347034,-12.472328304975122,-1580.5950358697062,-0.7256424806730204,-4.5401645916072315,-0.18596325726964746
1754940289.7916882,52.385210922187945,-13.766265073651885,-1616.0823580708147,-1.1877065064832932,-4.527973545476067,0.34008351936576925
1754940289.7968016,63.39323675483925,2.5233002853757682,-1622.5602201979636,0.20420796476631797,-4.502342883325038,-0.43879632980268013
1754940289.8018258,51.20635281208408,-62.85068179115842,-1708.926796517356,-5.110402309429702,-4.534599180894868,0.35462329122779723
1754940289.807397,60.51048980897832,7.805014434210136,-1671.268270773093,0.7900734746734894,-4.531456607993402,-0.15019850186343697
1754940289.812036,61.54687068453192,-52.07896007406117,-1657.5551270300377,-4.102364023971809,-4.5351025214441085,-0.15313652542087802
1754940289.817458,64.75970781477633,-42.11529872472602,-1630.0931122445322,-2.869702114911231,-4.504861587184334,-0.5009847221514117
1754940289.8224027,59.263152591133164,-47.40065935607623,-1764.9299322884606,-3.982859460473314,-4.500849056522192,-0.0474364868665382
1754940289.8275945,53.08112376706846,-33.200857318754714,-1688.7064413823518,-2.655763845715552,-4.549379249323313,0.500245772770468
1754940289.8322291,63.56783423909144,-21.32979291251035,-1682.4374894570444,-1.735790066563708,-4.52829862628502,-0.32398766830906456
1754940289.8374524,57.041517635131086,26.134625170601055,-1613.158287308375,2.2129197130726554,-4.508977015698838,-0.07435094809312603
1754940289.842551,63.42177392715363,-87.07151277853288,-1738.1408038963004,-6.869614639276339,-4.510002553073785,-0.37886202355086396
1754940289.8475742,51.45146675223526,-33.68647805037264,-1741.6603776496097,-2.8114619635014266,-4.520827555899679,0.4442568800641633
1754940289.8523784,66.55263276303995,-18.33564546922264,-1615.8553323492506,-1.1786935649748775,-4.54773168586409,-0.4371706918300566
1754940289.8584068,53.1671413724938,-12.793041798681246,-1676.6831704162184,-0.9663657948995317,-4.51316720277709,0.23534324672458312
1754940289.8628404,7.805277974241097,9.862765415506232,-1722.1952253325737,0.7234374478235699,0.5123098630484634,-0.49693061012313733
1754940289.8677711,51.08775262179977,-62.77439706669958,-1744.6859228900394,-5.1025327633323165,-4.530495318497447,0.36534655694933904
1754940289.8727918,60.321895029661555,8.610094449091193,-1637.5314707270059,0.8431199701967433,-4.536317954147302,-0.12869404258011602
1754940289.8781981,60.157610545327614,-52.207578978464056,-1678.952908804505,-4.114080336879313,-4.52526778341481,-0.08618769950711769
1754940289.8830624,64.91476518375272,-41.84420485351758,-1651.2650055683885,-2.845803327355264,-4.501808793959107,-0.5018065292062304
1754940289.8883543,3.9679060641634294,-45.066913045943636,-1784.3518285034509,-3.8065420673729227,0.5026969887909385,-0.10561094667723375
1754940289.893325,50.97838192438951,-29.78892493774802,-1637.8655729476263,-2.3507280425079236,-4.555097403819909,0.51521459352287
1754940289.898515,63.8583533918938,-20.88782177734189,-1709.260318514825,-1.705206160219579,-4.52409398243719,-0.3344997449478488
1754940289.9034007,56.97632682754656,23.782964341021597,-1640.1976995959126,2.025671331230585,-4.505099322984737,-0.07064629246149723
1754940289.9086084,63.622087062028555,-86.650805076881,-1765.1620367291384,-6.826802630211198,-4.50561305443597,-0.394053965692411
1754940289.913214,51.4117726814635,-34.34656060877953,-1715.1570661511432,-2.8644013916065694,-4.524851289050988,0.4414737696092116
1754940289.9182758,65.38066787223477,-16.60101735725533,-1641.0986519257751,-1.042790543266904,-4.5452265313762545,-0.3762160337556194
1754940289.9236503,47.14953446172499,-11.46032230123023,-1657.3694278684325,-0.9329084605188516,-4.020812734207019,0.29545150787377883
1754940289.9289572,8.076620093639882,9.47323239924799,-1689.1363082923795,0.7031220122689159,0.5076195129738674,-0.505105953304807
1754940289.933462,51.073162995464315,-61.03199690008762,-1712.2285394580365,-4.958533422341597,-4.535420096415113,0.3703998356117736
1754940289.9386196,59.98583511004762,9.517100741208438,-1671.8354746669368,0.9113843048432766,-4.531677781878239,-0.11683737954561194
1754940289.943691,52.25669541645773,-51.393175992206224,-1658.0207582721966,-4.048555306163477,-4.527919280817282,0.3111391731507777
1754940289.9487715,64.8280116278037,-41.797656869701896,-1638.8956715680513,-2.8693756582580816,-4.504569511925891,-0.48885023391090365
1754940289.953453,58.46574868636228,-50.94387493388436,-1767.7393639156326,-4.259893056835617,-4.501225335932704,-6.174583865875237e-05
1754940289.9587395,50.9339524689764,-30.082349106828588,-1678.7580859027971,-2.373597571508152,-4.549954647161984,0.5191200560772925
1754940289.9634066,63.86227057222151,-21.067673584500838,-1690.7109623981282,-1.7156888401641273,-4.5269513505527375,-0.33140424271321695
1754940289.9686203,57.06633729944309,24.863588698006055,-1621.9326696953726,2.1109785675705837,-4.507737907075114,-0.07919127728583247
1754940289.9737763,63.38355166401908,-85.81567804781284,-1749.7368696531785,-6.769901294949241,-4.508399135042794,-0.3757970980109667
1754940289.978659,51.35559199615862,-35.62133064536016,-1753.9083099981362,-2.969501705983495,-4.518882613577281,0.44465530012562193
1754940289.9833918,64.93032761719726,-15.827760258584618,-1624.41695444168,-0.9841500505180569,-4.531697744171263,-0.3580526575535846
1754940289.9890978,52.955611845369326,-12.698287525764812,-1691.8982577426045,-0.9772775672725165,-4.511919791155293,0.25905029465932694
1754940289.9935095,5.822383316050207,7.089455448327499,-1679.8812879244551,0.5149122346273756,0.5038290469043318,-0.40770389806304075
1754940289.9983404,51.18054372279345,-61.039006371331965,-1707.229736709467,-4.960923222157453,-4.535726299994644,0.3618927424071935
1754940290.003336,60.06429252770617,8.25161686446664,-1665.1720241740475,0.8042581653956724,-4.532893160482688,-0.10156121850081432
1754940290.0087433,52.25221345967546,-51.37522143225796,-1650.9865098596842,-4.047569784898881,-4.529040400608078,0.3067658424617061
1754940290.0133305,64.77632494173723,-41.192109741813866,-1633.6305814971297,-2.829405336741151,-4.5056134395336604,-0.4805013379845061
1754940290.0185795,55.32685607654955,-64.00094245022137,-1762.4002092052956,-5.254277490052974,-4.5024381559167255,0.15936526513467125
1754940290.023828,53.16292852128959,-30.81484767023258,-1680.2898369436978,-2.459133828074193,-4.55107388547356,0.498630392802746
1754940290.0286396,64.08496504618638,-20.735104429953783,-1729.6835923082394,-1.6900234565164127,-4.521396764803841,-0.3439627603686948
1754940290.033413,57.0076586733497,24.065532214646453,-1606.938920106292,2.044213566871157,-4.511577767219762,-0.07084314420131488
1754940290.0386689,63.79424208018655,-87.00057304034954,-1734.9256197346422,-6.854444911320082,-4.510782504292434,-0.38347302804492833
1754940290.043444,51.43304164495884,-34.15669804617883,-1737.7427817309247,-2.849718793146338,-4.5218722667719184,0.4482742059175031
1754940290.048466,73.59659788633549,-30.063568612706177,-1631.2659252661574,-2.0457755480583666,-4.525945916443035,-0.9015633547069866
1754940290.0536764,53.140608760208174,-12.035641855250962,-1678.257651272344,-0.9111101421210301,-4.512940944074639,0.24763296642249288
1754940290.059118,8.266680960588907,10.553938771087246,-1722.5017378973887,0.7759981227143922,0.5125415116974185,-0.5225214001577165
1754940290.063548,51.12399735007023,-61.76434329427451,-1739.0203584473973,-5.019964790617243,-4.531528131969008,0.36542290713414516
1754940290.0688417,60.12872526145474,8.505072180687634,-1643.3744974159686,0.8280806279007014,-4.5356403344747545,-0.11088115929457573
1754940290.0739167,52.19265531603225,-52.3058139676472,-1682.4898261146686,-4.120492036131143,-4.524998464336138,0.31009950261651076
1754940290.0789943,64.9504692684872,-40.69753030492957,-1658.1285452399477,-2.74532722080394,-4.500677365673363,-0.5013067229183126
1754940290.0839784,4.2417011727241665,-45.439143363147195,-1790.1125961989476,-3.835785117309917,0.5042907681736004,-0.12428338684984483
