time,shoulder_pan_joint,elbow_joint,wrist_1_joint,wrist_2_joint,wrist_3_joint,shoulder_lift_joint,end_mill_joint
1754933386.5338686,-1.1935548036023924e-14,-9.271660587721609e-14,5.4112530428751526e-14,-9.773432063653331e-14,9.768618206007496e-14,4.9547171920849564e-14,7.16614267926019e-14
1754933386.541354,-1.1935548036023924e-14,-9.27164161418359e-14,5.4117734599179457e-14,-9.773345327479532e-14,9.768618206007496e-14,4.9547171920849564e-14,7.16614267926019e-14
1754933386.5510387,-4.336808689942018e-19,3.609389612820209e-11,-7.49336868596795e-11,-1.1639605945745757e-11,-3.0357660829594124e-18,3.153990957294184e-11,7.167703930388569e-14
1754933386.561208,-0.0001355031748670472,2.4825890224098397e-05,-9.755650171285046e-06,-1.0482750084639392e-11,-0.00013550317486731977,-1.507024662992032e-05,7.168571292126558e-14
1754933386.5712726,-0.0009624700729587998,0.00017680487726371908,-6.952212416339509e-05,-9.42137340365079e-12,-0.000962470072951597,-0.00010728275902139456,7.16839781977896e-14
1754933386.5812254,-0.0028467563571446565,0.0005243919548106283,-0.0002063357417715966,-8.433246288797047e-12,-0.002846756357113469,-0.0003180562183652154,7.149489333890813e-14
1754933386.5915384,-0.005877622598418902,0.0010857453493338474,-0.0004275043014101438,-7.478394639659491e-12,-0.005877622598343337,-0.000658241052713008,7.075937058509396e-14
1754933386.6014507,-0.009955397713588015,0.001844118407273853,-0.000726591641416429,-6.561251542080981e-12,-0.009955397713434807,-0.0011175267701801182,6.893444148836636e-14
1754933386.6115427,-0.014870376059185378,0.0027617122610390523,-0.001088803677728204,-5.679593947927053e-12,-0.014870376058929134,-0.0016729085872095525,6.557601683887526e-14
1754933386.6214747,-0.020373824815987717,0.0037921432283942592,-0.001495835837834436,-4.846760146004492e-12,-0.02037382481561866,-0.0022963073940750825,6.028857968409795e-14
1754933386.6315627,-0.026241890635088472,0.0048916634719134945,-0.0019302357513440544,-4.069365504288935e-12,-0.026241890634606156,-0.0029614277237284964,5.2747736734026773e-14
1754933386.641861,-0.03233311561936004,0.006029259592463447,-0.0023793296714482966,-3.356309154212145e-12,-0.03233311561875802,-0.0036499299238641064,4.2939610200853906e-14
1754933386.6516042,-0.038640201706768816,0.007195741363359992,-0.002838756254263424,-2.700949706946343e-12,-0.03864020170607964,-0.004356985111692718,3.067511522569788e-14
1754933386.6618607,-0.04527609265896354,0.008402286582294954,-0.0033119989970411237,-2.0810549464234107e-12,-0.04527609265818129,-0.005090287587610057,1.5399140296246117e-14
1754933386.671875,-0.05224842652974532,0.009644404971607515,-0.0037967300010897953,-1.5010848467000848e-12,-0.05224842652887944,-0.005847674972648004,-3.2595454113604205e-15
1754933386.6820788,-0.05952356995086784,0.010911069757852207,-0.0042881517204623465,-9.432715025736726e-13,-0.05952356994991934,-0.006622918039320511,-2.5675642167932722e-14
1754933386.6921716,-0.06707124939143483,0.012191680028072641,-0.004781616990614437,-4.25362869926893e-13,-0.06707124939041244,-0.007410063039221069,-5.1909865295129975e-14
1754933386.7025876,-0.07486421550732125,0.013476038881687134,-0.005272623879634386,7.036992516473717e-14,-0.07486421550622223,-0.008203415003659727,-8.230048587076766e-14
1754933386.7125158,-0.08287794105562599,0.014754333767028907,-0.005756811054284244,5.48398999822286e-13,-0.08287794105446554,-0.008997522714219799,-1.1712679437447804e-13
1754933386.7225068,-0.0910903490177022,0.01601711878442662,-0.006229953609504934,9.975891640534584e-13,-0.0910903490164848,-0.009787165176269118,-1.562326656934232e-13
1754933386.732429,-0.09948156790987274,0.017255298758813854,-0.006687959314926323,1.4290599953392658e-12,-0.0994815679086039,-0.010567339445119114,-2.003241322823257e-13
1754933386.7426796,-0.10803371156307372,0.01846011490519336,-0.007126865236761662,1.8383584585168755e-12,-0.10803371156177263,-0.011333249669567003,-2.491271078319812e-13
1754933386.7525733,-0.11673068092453479,0.01962313192749678,-0.007542834697459776,2.221045396211263e-12,-0.11673068092318466,-0.01208029723108452,-3.0288098418207454e-13
1754933386.763111,-0.125489070578693,0.020729507986455516,-0.007930077868653962,2.581558231073977e-12,-0.1254890705773234,-0.012799430118784188,-3.6126657221302594e-13
1754933386.7735639,-0.1340763778666444,0.021749805061264185,-0.008278284679171743,2.9132555742772404e-12,-0.13407637786525964,-0.013471520383001787,-4.226150679409457e-13
1754933386.7828689,-0.14249146005872498,0.02267678081092489,-0.008583947909533863,3.22277447784014e-12,-0.14249146005733568,-0.01409283290224525,-4.866749364618173e-13
1754933386.7932897,-0.15093834795577116,0.023522967875776346,-0.008849636467700052,3.5012210145013434e-12,-0.15093834795438266,-0.014673331408879237,-5.549467135823605e-13
1754933386.803251,-0.15969886391917557,0.024308436751261858,-0.00908024247812033,3.777422818984633e-12,-0.1596988639178125,-0.015228194273904882,-6.29928401107982e-13
1754933386.8134289,-0.1690179780979194,0.02504978237437699,-0.009279603661841386,4.0602339199113935e-12,-0.169017978096569,-0.015770178713270203,-7.144215774523843e-13
1754933386.8235223,-0.1790006290329135,0.02575021205143328,-0.009447463478632971,4.360698434291432e-12,-0.17900062903158387,-0.016302748573516986,-8.103569898443297e-13
1754933386.8334086,-0.1895188622009109,0.02639062459303613,-0.009576735254858354,4.665520574043125e-12,-0.18951886219960226,-0.01681388933888627,-9.173738158008149e-13
1754933386.8435674,-0.20012825470400908,0.026921581535665033,-0.009651039898628958,4.981390300251576e-12,-0.20012825470272266,-0.017270541637741225,-1.0316695414624988e-12
1754933386.8534563,-0.20999269749022292,0.02725608124093814,-0.009642489843356278,5.288435488137733e-12,-0.2099926974889679,-0.017613591398272156,-1.1436043084733782e-12
1754933386.8635757,-0.21812268986242234,0.027298912660828453,-0.009521863264847424,5.511347454800752e-12,-0.2181226898611967,-0.01777704939665503,-1.2400636073550686e-12
1754933386.8737042,-0.22443978508912132,0.027067608841031543,-0.009299087458497893,5.6501756398597e-12,-0.22443978508796447,-0.01776852138319721,-1.3176335023068475e-12
1754933386.8836355,-0.22912523539263818,0.026607900365544855,-0.008993322094869105,5.713781878191604e-12,-0.2291252353915804,-0.017614578271312572,-1.3769558410148264e-12
1754933386.8938093,-0.23234218455290692,0.02596024174574919,-0.008621463492119069,5.695508301095664e-12,-0.23234218455195718,-0.01733877825423504,-1.4184868557531871e-12
1754933386.904088,-0.23423747491752783,0.02516035056377874,-0.008198377405046085,5.617561971149598e-12,-0.2342374749166994,-0.01696197315932269,-1.4435952433444754e-12
1754933386.9148352,-0.23494327371081364,0.024239692701615658,-0.007737108535229206,5.506574363156602e-12,-0.23494327371012852,-0.016502584166959895,-1.4534103087715522e-12
1754933386.9242167,-0.23457853671193188,0.02322591904719701,-0.007249069090174124,5.3447706330200795e-12,-0.23457853671139486,-0.015976849957580242,-1.4493371780499587e-12
1754933386.934423,-0.23325032556524022,0.022143258529954395,-0.006744208486511544,5.158764908308466e-12,-0.23325032556484956,-0.015399050043960402,-1.4329162856263622e-12
1754933386.9446275,-0.23105499337163826,0.02101287179113151,-0.006231166440134156,7.548844882521166e-10,-0.23105501902513606,-0.01478170577287441,74.96505909349136
1754933386.9547331,-0.22807925167161322,0.019853169982099655,-0.005717407938654717,3.0494193836716477e-09,-0.22807927433894662,-0.01413576120583237,148.79335250742537
1754933386.96487,-0.22440113092705738,0.018680158064902565,-0.005209381579538597,-6.280000001761797,-0.22440115083408485,-0.013470775687090653,218.89900891475634
1754933386.9748852,-0.220092750980748,-0.2526556926224673,-6.28000000285372,6.2800000017253925,-0.22009087135960126,-0.012795137678143654,272.3185225643525
1754933386.9848194,-0.29951526307941523,1.2779771559936404,6.28000000368238,-6.280000001528727,-0.21521163821666933,-0.012116064526931536,312.3397980621876
1754933386.9944987,-0.08696726984505077,-1.3353248012577097,-6.280000004600467,6.280000011845681,-0.2098203420104161,-0.014043735153518661,345.3270235431796
1754933387.0049024,-0.02893550966727311,1.8877475409755646,6.280000002853534,-6.2800000194953896,-0.20396818398025496,-0.013430676128436111,376.68047487905426
1754933387.0146043,-0.7129647254361394,-0.5682306198654891,-2.305986094846295,6.280000023372988,-0.19770125271596278,-0.03765273406882933,399.5044712346947
1754933387.0245798,0.6753873404288954,-0.6759390691111148,-6.280000006518324,-6.280000010944075,-0.19106101983072943,0.022374474981030186,423.7770714512573
1754933387.034824,-0.29658297763409475,2.42487594626147,6.280000006258668,-6.280000022549498,-0.1840848246627842,-0.013440968690135918,434.814200043707
1754933387.0448267,-0.9655339257894763,-0.08670145093038895,0.33958614749962207,6.280000027809649,-0.17680626175683256,-0.10283517577951226,449.72848710258177
1754933387.0552626,0.4434377664764895,-1.8662051394539647,-6.280000009663722,6.280000003965522,-0.16925556141730702,0.3708058539924992,458.06521797355305
1754933387.0652316,0.5844174749787955,1.87635865066876,0.9316949118697684,-6.280000033357275,-0.16145801698782236,0.029709999058503286,477.682936882795
1754933387.0752642,-0.7402364576331089,3.1400000000836576,6.2800000091086865,-6.280000009854906,-0.15345723061436345,-0.3435845907081144,471.27086730836226
1754933387.085292,-0.9387160776647226,-0.2180027646524132,0.2777303451581066,6.280000031285116,0.1160287853923011,-0.036234962559687,470.128377331923
1754933387.095445,0.4036245311970553,-2.1660260275177197,-6.280000009415128,6.28000001421,0.36451368584235233,0.41379060397176237,468.0987433996351
1754933387.105542,0.6727197122144533,0.9250552351057802,-1.230956170710119,-6.280000031407301,-18.693485896659936,0.09077885832286742,499.9999999670748
1754933387.115605,-0.6378697466824812,3.1400000001758968,6.280000008466074,-6.280000018422221,0.722416745664956,-0.3444572497094241,479.19874582621964
1754933387.1253784,-1.0929181051741275,-0.39842090536446795,4.56865142999578,6.2800000272148,0.7151498128832726,-0.03685546877681195,473.4557437743714
1754933387.1354907,0.010831348677626473,-3.1400000002317845,-6.280000007735009,6.2800000273466345,0.8613350046839021,0.3590245962099151,478.01888642312355
1754933387.1453671,0.8096900603772827,-0.35929565571579797,-6.280000002594298,-6.280000023829128,-6.280000008008983,-0.008663088794915674,478.5383798553339
1754933387.155597,-0.12631730719270445,2.5425340769657194,6.280000006635595,-6.280000030127194,1.1873127183227625,-0.14951844542389975,480.87840695680177
1754933387.1655087,-0.9771541157176585,0.31419368104073137,6.280000004011784,6.280000020521907,1.0652955387244565,-0.05834188790078129,472.90356863240885
1754933387.1754537,-0.07825544712777399,-3.140000000442774,-6.280000005525131,6.280000030692541,1.2053535255379861,0.3100554185565966,477.6311984223405
1754933387.1855917,0.916051830621947,-1.2630818382007472,-6.280000007635993,-6.280000016848586,-20.461866561820106,0.190112157944039,497.3579751328293
1754933387.1956286,0.035676641610919296,2.3094374730667515,6.280000004323413,-6.28000003334823,-16.376435167727323,-0.10004051191669974,499.99999997133915
1754933387.2054853,-1.098393736384147,0.8453797151327228,6.280000009254049,6.280000012489866,2.042391384007378,-0.19245978092536908,480.3188156157989
1754933387.2156272,-0.464999841253422,-3.135522726938884,-6.280000002279534,6.280000034066056,2.223993953894449,0.2122079494204687,485.3166663422665
1754933387.2253695,0.7652092386641953,-1.3179104474672032,-6.280000011244992,-6.2800000039797546,-6.280000033485341,0.2087738717208807,495.2322615126908
1754933387.235427,0.41894834519842916,2.403211090967205,4.844698557358324,-6.280000035229186,-6.280000030710262,-0.04468819102571765,494.28841396078707
1754933387.2454116,-0.8651634284209859,1.8779825124175846,6.28000001023169,0.20376516331188343,2.866652230085116,-0.24030661212766605,473.1507252245523
1754933387.2559083,-0.6391661381672973,-1.2917906536959478,-2.681363368697427,6.280000034242363,2.8843905397028102,-0.04453152452385645,478.075258135089
1754933387.2659502,0.7633585814541536,-2.3507435114194566,-6.280000010674085,6.280000001218049,3.192476895706749,0.4527306414121527,469.4557017721409
1754933387.2763205,0.8017398202732839,1.7564301624968404,0.8738012751841868,-6.28000003436685,3.455523316242866,0.010481560122455052,480.9790903613408
1754933387.2865086,-0.49090359592914845,3.1093574287156596,6.280000009012436,-6.2800000140880226,3.436021143934304,-0.3742636817984451,474.3775001468392
1754933387.2964778,-0.7899320916770985,-0.34839954616584523,1.7315398827803445,6.280000030335167,3.395845044060086,-0.04422111709334725,471.5078676828983
1754933387.3064423,0.4447826481491292,-2.6562895958071664,-6.28000000896631,6.280000020282323,3.6575758680431933,0.475472814998547,480.56217331029467
1754933387.316606,1.0113649713386226,0.02022454196743928,-6.280000001933842,-6.280000026022034,3.9267483419027513,0.10952527586818392,472.59958596532465
1754933387.326662,-0.0282952264622493,3.1400000001272037,6.280000006952554,-6.280000029366427,-6.280000035740357,-0.2544467845537969,487.2064834960274
1754933387.336989,-0.8997997367322292,0.5325208381310425,6.280000002565585,6.280000021748133,-6.280000025183009,-0.03185832886702217,480.072520078193
1754933387.3468878,-0.03024113375377019,-2.4182864755916533,-6.280000005904467,6.280000030495518,4.928165533362022,0.30346869217530137,474.6806123510042
1754933387.3572612,0.930504431515469,-0.5584814410515948,-6.280000007525264,-6.2800000171481365,-17.061452287729615,0.17942338871241473,497.04548311015026
1754933387.367285,0.10004273955848592,3.140000000224018,6.280000004155831,-6.280000034355531,5.439334101943939,-0.14570958645747878,484.78061252712797
1754933387.3777146,-0.9959446610663453,1.1848010316036905,6.280000009906795,6.280000009594725,5.353663587581534,-0.14730194476690772,474.5375834447063
1754933387.3877273,-0.4201613694288999,-3.0846341188509476,-6.280000002027414,6.280000034050758,5.32585057452582,0.3942889850878406,481.0402443894594
1754933387.397611,0.7370688835809562,-2.390680307493703,-6.280000011182835,-1.1956415947151982,-6.280000033651752,0.3800639303674859,486.4330586735258
1754933387.4076118,0.42169349398882416,1.2605671521797375,4.046126481466449,-6.280000035105452,-13.828027680401933,0.00031878150565675493,499.9999999684347
1754933387.4177616,-0.8480540916570734,1.5392486328350756,6.280000010444706,0.2746870134860111,-17.099053533679196,-0.2374221327632278,499.6019789025428
1754933387.4279113,-0.773305998083919,-1.8933703141217018,-1.4435895647897046,6.280000034619377,5.891339432637428,0.016073274983289143,478.9555672541591
1754933387.4382057,0.6316429785739918,-3.1400000001773773,-6.280000010310173,6.280000004320576,5.931928227530733,0.4804090823454164,467.080319260373
1754933387.4481828,0.828919613546578,0.312474724080295,0.41016775377787684,-6.280000032786404,6.236610032775433,0.1840632758114469,472.93687422384767
1754933387.4582005,-0.4709818514967258,2.2536972256802166,6.280000008687667,-6.280000016250224,-6.280000032979309,-0.1789733508364725,481.0881913787589
1754933387.4684308,-0.8191987680392678,-0.5641841204698529,2.36584896238515,6.28000003007568,6.226840399934994,-0.04457710476769749,471.18148872621254
1754933387.4783835,0.4617120039677558,-3.1400000005032562,-6.28000000859681,6.280000020281033,6.154639695448042,0.55502596119308,472.42450795099137
1754933387.4885132,1.0754839328827641,-0.045717319203835594,-6.280000001332942,-6.280000025976985,-14.616124843138799,0.1794166237158247,492.26278351239915
1754933387.4983552,0.038039801105145155,3.1043726072613342,6.280000006797828,-6.280000030078373,6.27999996425741,-0.19377934104363256,477.1175586993745
1754933387.5085635,-0.849520849489297,0.41812636346932275,6.280000003040756,6.280000020936338,-6.2800000247002465,0.04774181884061127,481.29168090606254
1754933387.5187562,0.020077459749455295,-2.5142194134331826,-6.28000000554836,6.280000031285361,6.279999975261111,0.38499567874022844,475.37760162897587
1754933387.528725,1.0235195674962692,-0.8604191579772591,-6.280000009217629,-6.280000014702846,-16.395514371676406,0.30342005334237493,499.38171909251395
1754933387.5389805,0.2623282073122407,3.140000000093465,6.280000003399658,-6.280000034481532,6.279999964648236,-0.12200191003983486,482.5610046742897
1754933387.5491502,-0.8503416662538611,1.3440570902167714,6.2800000100133335,6.280000006924751,6.279999975995852,-0.09889369598146877,473.87799675374015
1754933387.559577,-0.403550496140686,-2.4802536579708727,-6.280000001306037,6.2800000343906035,6.279999975156638,0.2749205548929996,479.23600993881644
1754933387.569387,0.8077694983734952,-1.9407344540541254,-6.280000011106981,0.35333430793631004,-6.280000033678735,0.44492377684893625,483.0854489324878
1754933387.5794008,0.45008433122336833,2.0965272742210823,3.554474800281172,-6.280000036149467,-8.957025854134953,0.041135326893310314,499.99999997410686
1754933387.5894308,-0.7743719916276901,2.164632876883335,6.280000010164125,0.3499345146978552,-16.41635983942365,-0.22761882957363455,495.20640171759993
1754933387.599567,-0.7820290057526111,-1.6817138702101593,-1.1669586478148029,6.280000034001084,6.279999974311479,0.1636804996358316,476.12028880260596
1754933387.609613,0.48866077773181615,-3.140000000578797,-6.280000010063562,6.280000012757682,6.279999962389514,0.5007530319044943,471.2297498776713
1754933387.6196818,0.7728495407829278,-0.23222412459079145,-1.557639324087251,-6.280000031232348,6.279999984745491,0.16027468877137613,469.37302431357205
1754933387.629762,-0.4349481216585668,2.1090422869195,6.280000008465556,-6.28000001968724,-6.2800000321030565,-0.23813844106869916,489.6080117142988
1754933387.6399171,-0.9572946221409065,-0.726396847268388,5.803578588380813,6.280000026603666,6.2800000007877,0.015269102910039578,468.5884586596442
1754933387.6499882,0.10711696478011562,-3.14000000078639,-6.2800000075096865,6.280000028408097,6.279999975209726,0.2836815257588803,472.60807950377705
1754933387.660206,0.939587184542357,-0.7471562454671813,-6.280000003733732,-6.280000022574313,-15.829349451709163,0.10343023862023913,495.9062714842308
1754933387.67023,0.06776539591213654,2.246473176372026,6.280000005551747,-6.280000031885503,6.2799999648601075,-0.06287361897185459,476.78976888141705
1754933387.6803577,-0.9208808111414862,0.49677989085711205,6.280000007086212,6.280000017121088,6.279999975646987,-0.0763181742759126,476.46259372722375
1754933387.6906192,-0.078643865735356,-3.140000000208969,-6.280000003579772,6.280000033531451,6.279999975485225,0.3001820361278251,480.79961300016936
1754933387.70045,1.0363081105904857,-1.5700141603787738,-6.280000010656247,-6.2800000096298465,-6.280000031982368,0.3671644672583738,485.82420606034924
1754933387.7103977,0.4665056243271324,3.052519755819941,6.280000002142173,-6.280000034956139,-10.452058795911649,-0.0830234759714215,499.99999997332037
1754933387.7207108,-0.7461184711275278,1.6764694950069066,6.280000010231555,6.280000002630987,-17.53551773581489,-0.16281837473081995,499.50725235215054
1754933387.7305932,-0.41209663363633164,-1.6169513798759187,-6.280000000040265,6.2800000345074025,6.279999975084696,0.002157688457871121,478.4383914003342
1754933387.740472,0.8738031270032001,-1.8447033545322364,-6.280000011032552,0.14661043833233556,6.279999962953923,0.41905390348668736,470.7365372341292
1754933387.750475,0.6313433935398416,2.1208761693205567,2.1818685698134397,-6.280000035427989,6.279999960480897,-0.025919603462324414,480.66487400841845
1754933387.7608364,-0.6876790772811526,2.5037742157831415,6.280000009741341,-6.28000000208368,-15.15999235726963,-0.2763514148447822,485.0557236526201
1754933387.7710996,-0.7924530525925566,-0.6327748479891645,-0.10724102792801915,6.280000032577988,-5.689119784914669,-0.025485303390489558,475.7462962041915
1754933387.7812655,0.536633901336907,-2.5849552254239234,-6.280000009979135,6.280000006012495,-19.78438166576244,0.5035365325708339,489.008975805549
1754933387.7914925,0.7732708380762151,0.3317652718152666,0.9689593213099967,-6.2800000325801975,-15.674965285277583,0.18582959281447733,496.328795869039
1754933387.8014588,-0.5622290756449451,2.180380089575966,6.2800000087439924,-6.280000012952279,-15.699068590634264,-0.21544248375695557,482.4924264422904
1754933387.811599,-0.7287651408634475,-0.90686593094991,0.8730165082219719,6.280000030704304,-5.200158747427111,-0.06426593559056135,469.8598542316772
1754933387.8218436,0.6265461478421213,-3.1400000003773147,-6.280000009643313,6.28000001333354,-6.280000037574064,0.46585888068372727,477.5145924552667
1754933387.83197,0.786715230056224,0.08076728730072791,-0.45117724233603773,-6.2800000312292035,-6.2800000061392725,0.12232681362833933,477.2987348986461
1754933387.8419738,-0.5522766872963774,2.3193287061281374,6.28000000858272,-6.280000014312391,-15.413821790121911,-0.2915371262018102,482.57519803431586
1754933387.8521533,-0.7811247976703403,-0.7189804659283301,0.8381507468651496,6.280000030273676,-4.606241859344091,-0.13640104619578566,470.8534361290957
1754933387.862156,0.5599676405954729,-3.140000000544849,-6.280000009431356,6.280000015712595,-6.280000025704457,0.4599748234385888,479.7252450734625
1754933387.872478,0.822523786155368,-0.0262702423086697,-2.116266825983124,-6.280000030013511,-6.2800000068447845,0.16987483863133643,476.3514845768525
1754933387.8823476,-0.49795003885364264,2.4151002890379276,6.280000008292246,-6.2800000166899395,-6.280000030708056,-0.25528719635312797,474.85832308948466
1754933387.8928633,-0.8249375950405122,-0.506464690068051,2.293201603697954,6.280000029070596,-3.946227435695608,-0.11469952325774695,469.6550296716353
1754933387.9026105,0.49663074570674837,-3.1400000003665336,-6.280000009040151,6.280000017479825,-6.280000025870185,0.45799527368569015,481.51989574258477
1754933387.9124205,0.8764050229705236,0.4225372175301261,-3.280319691340641,-6.280000029697813,6.279999963988334,0.11633750998631327,473.1773444753182
1754933387.922631,-0.30003363586263604,3.140000000477277,6.280000007720094,-6.280000026985494,6.279999965023241,-0.2528767763636434,471.942754298797
1754933387.9324942,-0.9810088540810087,0.3952748013226536,6.280000001343811,6.280000025705437,6.279999976841302,-0.0324724406523353,471.5672225543903
1754933387.9428148,0.0196012845558865,-2.5253786126203885,-6.280000006730483,6.28000002978462,6.27999997499694,0.3523810331250783,475.3760655883765
1754933387.952908,0.8373237655162646,-0.34774952807411097,-6.280000006575247,-6.280000018940154,-6.280000006196701,0.1619961076386749,487.04011686856586
1754933387.9632728,0.030945926806889623,3.1400000003241555,6.280000004358274,-6.280000034059164,-10.42534621296687,-0.14391792810559828,499.99999997311596
1754933387.9731526,-0.9696573126412783,1.443250283511067,6.28000001023576,6.280000011159942,-13.552476715631268,-0.1973472086377933,499.9999999679138
1754933387.9834337,-0.39047216655385175,-1.9812890628880275,-6.28000000128306,6.2800000347166645,6.279999975433791,0.08557921441251704,481.6727061651107
1754933387.993303,0.7926746173520397,-1.5936646919666067,-6.280000011140089,-0.18000905668099731,6.279999962183104,0.37258083782991785,471.2042381524112
1754933388.00338,0.48533432844291013,2.2878520582594435,3.136753607403844,-6.280000035863154,6.279999960290958,-0.03507932888942285,483.3688603934862
1754933388.0133905,-0.7967901842346966,2.2549069937837567,6.2800000101655264,-6.275489538828793,6.279999960400161,-0.3326140888478716,469.7248406389143
1754933388.0233834,-0.7647271670857759,-1.0063891989711076,0.0043172164763172205,6.280000033403418,6.280000002665267,-0.04104292098677392,470.2060767777656
1754933388.0335178,0.5388677820887517,-2.491359712004159,-6.2800000097417765,6.280000013300965,6.279999974094265,0.45095422911315075,468.30349234329833
1754933388.043582,0.8100575119935955,-0.250938694353084,-3.3864862855467575,-6.280000030665978,6.27999998550091,0.18817967955740092,471.75780066108445
1754933388.053477,-0.34503958848839744,2.2220125887151694,6.280000007926642,-6.28000002047709,6.279999966103754,-0.29402430629842874,472.90154039215815
1754933388.063542,-0.9308503638565842,-0.5037132714002219,6.051795888381025,6.280000026978236,6.27999997744507,-0.046796309635988104,471.9816521540631
1754933388.073709,0.14308093588220672,-3.1400000007794477,-6.280000007039782,6.280000029104976,6.2799999749675415,0.33504246398240056,474.60763215880036
1754933388.0838056,0.9431387598609654,-0.7792086937212135,-6.280000005887204,-6.280000020537795,-6.280000006321928,0.14404277222137976,486.4647521019151
1754933388.0942225,0.0876614139459097,2.4254173407172663,6.280000004588422,-6.280000033407809,-10.956874874326186,-0.11547176939055903,499.9999999722747
1754933388.1038501,-0.9421780894826715,0.7713532274108428,6.280000010116391,6.280000013149916,-13.603292739630527,-0.19778091654945634,499.9999999677827
1754933388.1142094,-0.2698451999771017,-3.126255158500966,-6.280000001578785,6.280000034403194,6.279999975302256,0.25125372080416397,482.1003135503076
1754933388.1242158,0.890972632396262,-1.640466218147171,-6.28000001121508,-0.978995797808206,6.279999962285892,0.3732227752521906,473.07027517622834
1754933388.1345072,0.5121494685284407,1.6944028530137176,3.438312799475211,-6.280000035282711,6.279999956344389,-0.0062072946402201325,480.3467953455101
1754933388.1445677,-0.7891864016756174,1.9168877486484721,6.280000010365654,-0.5584734256200203,-6.280000030453498,-0.33802314580236853,487.6029123154355
1754933388.154678,-0.625542919779184,-1.779854579260864,-1.0785470457913364,6.280000034368257,6.279999976763121,-0.003176459556194111,477.41350425440385
1754933388.1647787,0.6762373994446409,-2.418314098904476,-6.28000001003452,6.2800000099079885,6.279999973788021,0.4795076254764028,469.60425957010744
1754933388.174888,0.8620756935083469,0.5830692066360175,-2.5911403982240793,-6.280000031448914,6.279999986685401,0.17319302620793547,473.1890107058524
1754933388.1847787,-0.3799863477918441,2.3781667092606904,6.280000007894657,-6.280000019102612,6.279999965969387,-0.2501577657312618,467.0930347247851
1754933388.194604,-0.8560630847408843,-0.36872198525781624,5.726138232342322,6.280000027229445,6.2799999685365115,-0.030863959751639244,467.6518363079467
1754933388.2049465,0.35175379051722994,-3.1400000002097372,-6.28000000740383,6.280000027209077,-6.280000025165186,0.5654226527675663,485.400059828433
1754933388.2151852,1.0637755679410723,-0.22830357151433778,-6.280000001750787,-6.28000002421599,-19.14701777817142,0.30662006689390564,493.56162468892825
1754933388.224846,0.038486799402529026,3.1400000000744765,6.280000006223873,-6.280000029052264,6.2799999652446665,-0.1873007861676361,472.19403919592355
1754933388.235072,-0.8084892605607865,0.5065891620569257,6.280000003214609,6.280000021893077,6.2799999691391,0.007559300640907089,464.98269249365535
1754933388.2452118,0.09520582961700552,-2.4799301593975467,-6.280000005748196,6.280000030575636,-6.280000024900674,0.4579056296581903,488.9568794974882
1754933388.2552404,0.9502092816039244,-0.5254683904126505,-6.280000007428384,-6.280000018585586,-18.435033826824814,0.3348517089545653,494.2487731921952
1754933388.2653596,0.040034119759304404,2.2043922824909092,6.280000004266636,-6.280000032195748,-16.578161442994972,0.01511167247710056,498.9454036734886
1754933388.2754133,-0.9499833764426681,0.3962408508412903,6.280000008516966,6.2800000153624005,-16.212389686526357,-0.09566677890871239,491.0711608339297
1754933388.285479,-0.09967556326239782,-3.140000000273716,-6.280000003256626,6.280000032195559,-6.280000024464349,0.31416563677691434,484.7985959402434
1754933388.2953465,0.960181539244436,-1.2215684305913004,-6.280000010727335,-6.2800000107516425,-6.2800000243716365,0.37957251242613693,485.98362204852515
1754933388.3053684,0.3786705459880104,3.1325088327443096,6.2800000020066165,-6.2800000341772275,6.279999964580866,-0.06345545076557514,481.62397499615014
1754933388.3156698,-0.7380414025520211,1.501830446546728,6.280000010165127,6.280000004215999,6.2799999650669855,-0.12647638392310115,473.72575805206793
1754933388.3255336,-0.36292563280849344,-1.7617934707123073,-6.280000000154817,6.280000033977132,6.279999963719881,0.09857362421490296,475.7872801864936
1754933388.335648,0.8761514133538109,-1.869988305485745,-6.280000010809408,-0.5516389880183166,-6.280000024758396,0.5742077120061019,476.11760507828814
1754933388.345823,0.42206734040068933,1.5323674963795486,4.150050416712446,-6.280000034053209,-17.785437992215467,0.12772271776578026,498.20411611188604
1754933388.3558643,-0.8267274505110475,1.2040454164881913,6.280000009952161,-0.5425453612291706,-16.11708211855987,-0.12846019438002912,483.12370849073085
1754933388.3658733,-0.37862368503464905,-2.2745149782749525,-4.397718558343905,6.280000033323574,-16.760388754624692,0.07162946584483981,491.70962516641964
1754933388.376397,0.9010820117334419,-2.3024474868928446,-6.280000010894504,-0.5298647188193297,-6.28000002447663,0.5242867387996468,478.3654238385729
1754933388.3861864,0.43772698290397116,1.3842423113832503,4.058152897769029,-6.280000034087493,-6.280000034896506,0.06965513675418973,486.94987804456224
1754933388.3963065,-0.826070885816544,1.2660625627299158,6.280000010015252,-0.521204401179669,-6.280000032339482,-0.14960980616316358,473.52023907402554
1754933388.4062815,-0.4044843593468261,-2.211422450590126,-4.065405250395838,6.2800000333945505,-6.280000034264953,0.06753084829387168,481.0936745855658
1754933388.4166248,0.8866423319939897,-2.66441219533537,-6.280000010795277,-0.508948439824302,-6.280000024162379,0.6358398820718345,478.154149820959
1754933388.4264908,0.5332449235813062,1.5148352126307159,2.928761342593428,-6.2800000346365294,-6.28000002467603,0.1563010177722057,489.20452809369544
1754933388.4363554,-0.7559928824271697,1.5459314646730624,6.280000010289941,-0.44105895612542767,6.279999964387297,-0.18997221538877468,473.86827514001516
1754933388.4465244,-0.6476828841643334,-1.930083381583939,-1.604323925034496,6.2800000333682675,-15.521698767062178,0.08654609368127592,491.9497257165712
1754933388.4570086,0.7692536657434154,-3.140000000336432,-6.280000010534053,6.280000000727425,-17.148434187156912,0.669108416974658,488.3003652156058
1754933388.4668143,0.7579382110991232,0.893108675990318,1.4187115478148515,-6.280000033706656,6.279999974678043,0.21180613223239006,474.42447400939426
1754933388.4767184,-0.49793362319626555,2.2314120477580617,6.280000009346779,-6.280000006220861,-6.280000034084393,-0.1524545313492436,479.2424142457895
1754933388.486977,-0.7212332488344748,-0.72950480617636,1.4001807751310946,6.280000031408715,-6.28000000299827,0.040827360563303536,481.25281782180963
1754933388.4976249,0.5457023809805425,-3.1400000001705934,-6.280000008929378,6.28000001691289,-17.587688337365748,0.7710699795809738,495.2682414389337
1754933388.5072591,0.8469603739570164,0.34152015730601715,-4.903725479398748,-6.28000002730176,-5.270706553215762,0.27028375051553977,470.0001388100835
1754933388.5176024,-0.3959305820269263,3.1400000001195414,6.280000007612603,-6.280000020019198,-17.36253573002538,-0.2692351907607011,493.5322191457693
1754933388.527372,-0.8659373428651694,-0.830881579176713,4.808619895740565,6.280000027513491,-15.260331845921145,0.1842903041952904,492.9947028008554
1754933388.5376017,0.19989690271543314,-3.1400000008917917,-6.280000007346065,6.2800000271572145,-6.280000033770272,0.524471239313984,479.14880294637663
1754933388.5475025,0.9353286919195415,-0.8352348128006192,-5.519702416527763,-6.280000024804828,-6.28000002443472,0.3136005171015521,475.3095508873314
1754933388.5576935,-0.05485865748004487,2.442769990648287,6.280000006694621,-6.28000002907817,-6.2800000359413275,-0.06639231057503547,486.97316973620053
1754933388.5678215,-0.8487827154939278,-0.15131027462392838,6.280000002613589,6.280000023603421,-6.280000030978156,0.0690103607527804,477.5121085358798
1754933388.5776734,0.13946250296674306,-3.140000000759761,-6.280000006573145,6.280000028385228,-6.280000033961024,0.5068525934554313,478.978574047279
1754933388.5878267,0.8703729196068442,-0.7655039704267469,-6.2800000029709215,-6.280000022928501,-6.2800000235881885,0.20643919155378734,475.7244539834482
1754933388.5979807,-0.067981167486037,2.3597505337357925,6.280000006203807,-6.280000029763379,-6.280000035681649,-0.05165807921985366,485.6400912016205
1754933388.608048,-0.8203408456712591,-0.03270761724625282,6.28000000417115,6.280000022498438,6.2799999649452865,0.05785411565889579,465.2068010212944
1754933388.6183002,0.12513591580796768,-3.1400000006725914,-6.280000006058329,6.280000029125894,-6.280000033390652,0.4724228612595853,479.44689739511966
1754933388.6282709,0.9033086738630961,-0.815305528227017,-6.280000005485567,-6.280000020856896,-6.2800000227264015,0.2921304849410155,481.383013943259
1754933388.638308,0.013096783692018943,2.1139774592828946,6.2800000051291205,-6.280000031422961,-6.280000023917204,-0.00044723743010283146,486.2203132390697
1754933388.6484988,-0.8841786383019716,0.2670446026611865,6.28000000694211,6.280000017908627,6.279999964380561,-0.018392778318358532,466.2794289209753
1754933388.6584818,0.024584342565721062,-3.1400000004528494,-6.28000000452461,6.28000003134629,-6.280000032926228,0.3736034403438586,483.0413785006016
1754933388.668584,0.9636914006831421,-0.9404700253692588,-6.28000000923641,-6.280000015050893,6.279999976257589,0.3681587545509748,472.7494356833035
1754933388.6784456,0.12581121779991622,3.140000000220555,6.280000003396666,-6.280000033281972,6.2799999760681064,-0.08289875552870966,477.0773527143148
1754933388.6885993,-0.9290799925226635,1.380314451817651,6.280000010091841,6.280000009147439,-6.280000033603982,-0.13201474274639657,487.1243283519588
1754933388.6986108,-0.41557613109128655,-2.3809182078433118,-6.280000000939906,6.280000035150984,-11.130936116705522,0.2569247273410727,499.9999999732651
1754933388.708634,0.7747088997113903,-1.9115905050448574,-6.280000011091335,-0.42702366732093466,-16.16339222042094,0.5370701413514731,492.2571546667139
1754933388.7187066,0.4339542567334382,1.5670229511485738,3.7986273254356493,-6.280000034782653,6.279999975888521,0.11398810393677884,477.5095170145281
1754933388.72884,-0.7970332010403824,1.581948538015536,6.280000010240283,-0.4783543570852675,6.279999962535492,-0.2678578358022576,471.1322073842864
1754933388.7391233,-0.6307282874237066,-1.7805523968771455,-1.199754300448812,6.280000034967422,6.279999964731461,-0.008072940981838278,480.2355563814462
1754933388.7491336,0.6516794527772316,-3.140000000411578,-6.280000010172351,6.280000005391733,-6.280000030367038,0.5530195386517079,480.6625218007338
1754933388.7594671,0.7962964897762871,0.3143848083166325,0.5598502019377809,-6.280000032791058,6.279999975863205,0.23941550612142792,475.9386676073067
1754933388.769345,-0.4355861744008217,2.43925785785364,6.280000008537638,-6.2800000167177075,6.279999974958663,-0.2755840927570824,469.2115592731213
1754933388.77937,-0.7374000586865783,-0.5751070972491514,3.9649568793194265,6.280000029681293,-16.40928895894576,-0.033618567639371044,498.854437997452
1754933388.7896209,0.4143704553441352,-3.1400000010589184,-6.280000008121854,6.280000026614484,6.279999964016967,0.6112930761032532,471.3091521713122
1754933388.7996304,1.002773796453927,-0.5000569619390841,-6.280000001135441,-6.280000023996163,-2.099548933838979,0.36060343373060455,474.7646127471295
1754933388.809711,-0.07240094644706152,3.1400000000768276,6.2800000063587555,-6.2800000284966515,-6.280000024024941,-0.28126845305658044,482.38708514426764
1754933388.8193994,-0.8519900488048184,0.36102725969675303,6.280000003234788,6.280000022824964,6.279999964189955,-0.049902551393677344,463.8342349708477
1754933388.829798,0.10210531355831365,-2.600640300507451,-6.280000006325403,6.280000028738378,6.279999964083805,0.4038982974267019,467.09905043854974
1754933388.8397508,0.8536112313865545,-0.570658390949732,-6.280000004727109,-6.280000021311967,6.279999966639974,0.29209075996679396,468.79434726953025
1754933388.8498127,-0.008009770299572616,2.3222617077594787,6.280000005355896,-6.280000030840085,-6.280000024035834,-0.06270986060504616,485.63716738141375
1754933388.859976,-0.8637481098638767,0.3644482052676439,6.280000006036121,6.280000018999573,-17.369780394251237,-0.07964369356826556,496.8303568123714
1754933388.8700843,0.004482030156253258,-3.140000000402294,-6.280000004323185,6.280000031454591,-17.086583543559,0.4752131553026675,495.8968363859223
1754933388.880267,0.935572629628696,-1.0066778727370715,-6.280000009026978,-6.280000013904406,-16.86113301633882,0.3155460967835447,489.839029891548
1754933388.8904657,0.13678165005834422,3.1400000002057866,6.280000003332253,-6.280000033539409,-6.280000023869128,-0.20171107575486236,491.77735901248667
1754933388.9003456,-0.9033687853632373,1.3771131863308115,6.280000010284246,6.280000008642602,-6.280000009375604,-0.28724897429883983,483.42097861004
1754933388.9107268,-0.30360149080476273,-3.1255992608610996,-6.280000001678755,6.280000033531422,-16.640127458621293,0.3573436844872686,499.9999999662975
1754933388.9204097,0.8015415614743056,-1.7835414557808136,-6.280000010801672,-6.28000000611686,-16.665065792657273,0.2863438405851445,495.2999308919311
1754933388.9308796,0.33805003917152443,2.894375101751686,5.844119285640095,-6.280000035057263,-6.280000023605007,-0.21186615672854758,497.43037302968145
1754933388.9408464,-0.7739845925115051,1.6286839405380655,6.280000010355932,1.4247505842847423,-6.2800000365492945,-0.31333110870588765,482.47522541948433
1754933388.9506583,-0.41895064173096996,-2.094351549797111,-4.07925037109665,6.280000034782923,-6.2800000342146305,0.10474928898494668,490.29105717492945
1754933388.9606853,0.7941077661504972,-2.0154394317182933,-6.280000010982604,-0.46761764148488294,-6.280000032089664,0.4047010083369157,481.756190021282
1754933388.9707644,0.4678562415694227,2.2379037748206603,2.6314699756107727,-6.280000034364576,-6.280000022633171,-0.16130257433210451,487.23441909759595
1754933388.9809818,-0.7591412665961652,1.7818233775225674,6.280000010003533,-0.400141467429306,-6.280000024953265,-0.34301561640791856,478.72240291328416
1754933388.9909577,-0.6288499733455903,-1.7722981868449792,-2.001181056262495,6.280000033634785,6.279999962570354,-0.1398664687566959,471.02103952096684
1754933389.001248,0.7432143516663029,-3.1400000002214004,-6.280000010588397,6.2800000009036046,6.279999965995766,0.5667876429801442,466.31369004928933
1754933389.0113456,0.7035943278311947,1.651443851782875,1.9132393380358468,-6.280000033560356,6.279999991593636,-0.042164870715205444,470.9086505494173
1754933389.0214243,-0.5395682297005093,2.5884946381311824,6.280000009143249,-6.280000009804965,6.279999975202511,-0.4225018064275009,464.80843215564494
1754933389.0315704,-0.7580768655698543,-0.4734829346244098,1.476544039908966,6.280000030883873,-6.280000009769026,-0.19754248939487878,476.12328273506256
1754933389.0416179,0.5009246746998856,-2.531708116115067,-6.280000009348226,6.28000001394418,-6.280000032609851,0.39171715787624073,475.250885514804
1754933389.051536,0.6926159185530218,0.7244211415179388,-1.3875794453630048,-6.2800000302636505,-6.280000005241872,0.02347355660805253,475.19249939789813
1754933389.0614576,-0.5411407284101907,2.2644074677276897,6.28000000844336,-6.2800000152756805,-6.280000024207391,-0.3654672685485247,474.1496890316405
1754933389.0717323,-0.7743657480279542,-0.5095602311882257,1.8427368660384371,6.280000030368019,6.2799999617358715,-0.2651513903537722,467.3199565518463
1754933389.0819464,0.4675960509662044,-3.1400000003393806,-6.280000008850946,6.280000017621763,-16.81589543054119,0.5098711740570913,494.41690360800584
